timestamp,day_since_first,fish_id,activity_level_px_s,dominant_zone,behavior_status,is_anomaly,life_status,data_source,note,quality_good_pct,quality_fair_pct,quality_poor_pct
2026-09-08 21:00:00+0900,0,1,96.0,MID,NORMAL,false,ALIVE,measured,,87.4,8.3,4.3
2026-09-08 21:05:00+0900,0,2,103.5,MID,NORMAL,false,ALIVE,measured,,80.5,8.0,11.5
2026-09-08 21:10:00+0900,0,1,109.2,MID,NORMAL,false,ALIVE,measured,,62.3,30.4,7.3
2026-09-08 21:15:00+0900,0,2,114.8,MID,HIGH,true,ALIVE,measured,,79.8,12.5,7.7
2026-09-08 21:20:00+0900,0,1,111.6,MID,NORMAL,false,ALIVE,measured,,74.6,18.4,7.0
2026-09-08 21:25:00+0900,0,2,121.3,TOP,HIGH,true,ALIVE,measured,,58.6,26.3,15.1
2026-09-08 21:30:00+0900,0,1,118.4,TOP,HIGH,true,ALIVE,measured,,79.2,14.0,6.8
2026-09-08 21:35:00+0900,0,2,97.8,MID,NORMAL,false,ALIVE,measured,,84.4,13.2,2.4
2026-09-08 21:40:00+0900,0,1,117.8,TOP,NORMAL,false,ALIVE,measured,,81.2,13.1,5.7
2026-09-08 21:45:00+0900,0,2,99.6,MID,NORMAL,false,ALIVE,measured,,58.1,34.0,7.9
2026-09-08 21:50:00+0900,0,1,103.4,MID,NORMAL,false,ALIVE,measured,,80.7,17.0,2.3
2026-09-08 21:55:00+0900,0,2,97.3,MID,NORMAL,false,ALIVE,measured,,58.6,36.6,4.8
2026-09-08 22:00:00+0900,0,1,110.2,MID,NORMAL,true,ALIVE,measured,,21.5,36.7,41.8
2026-09-08 22:05:00+0900,0,2,93.7,MID,NORMAL,false,ALIVE,measured,,74.6,15.7,9.7
2026-09-08 22:10:00+0900,0,1,104.9,MID,NORMAL,false,ALIVE,measured,,42.5,37.0,20.5
2026-09-08 22:15:00+0900,0,2,105.1,MID,NORMAL,false,ALIVE,measured,,88.8,7.1,4.1
2026-09-08 22:20:00+0900,0,1,100.4,MID,NORMAL,false,ALIVE,measured,,76.5,15.2,8.3
2026-09-08 22:25:00+0900,0,2,99.1,MID,NORMAL,false,ALIVE,measured,,75.5,18.5,6.0
2026-09-08 22:30:00+0900,0,1,90.0,MID,NORMAL,false,ALIVE,measured,,78.6,13.9,7.5
2026-09-08 22:35:00+0900,0,2,88.8,MID,NORMAL,false,ALIVE,measured,,84.5,10.1,5.4
2026-09-08 22:40:00+0900,0,1,92.2,MID,NORMAL,false,ALIVE,measured,,82.6,11.6,5.8
2026-09-08 22:45:00+0900,0,2,95.5,MID,NORMAL,false,ALIVE,measured,,85.0,10.9,4.1
2026-09-08 22:50:00+0900,0,1,97.5,MID,NORMAL,false,ALIVE,measured,,46.0,38.7,15.3
2026-09-08 22:55:00+0900,0,2,85.7,MID,NORMAL,false,ALIVE,measured,,84.9,9.2,5.9
2026-09-08 23:00:00+0900,0,1,90.2,MID,NORMAL,false,ALIVE,measured,,82.9,12.6,4.5
2026-09-08 23:05:00+0900,0,2,97.1,MID,NORMAL,false,ALIVE,measured,,46.9,40.5,12.6
2026-09-08 23:10:00+0900,0,1,85.0,BOT,NORMAL,false,ALIVE,measured,,59.5,34.3,6.2
2026-09-08 23:15:00+0900,0,2,90.0,MID,NORMAL,false,ALIVE,measured,,89.2,7.6,3.2
2026-09-08 23:20:00+0900,0,1,103.6,MID,NORMAL,false,ALIVE,measured,,76.7,14.1,9.2
2026-09-08 23:25:00+0900,0,2,91.7,MID,NORMAL,false,ALIVE,measured,,82.3,10.6,7.1
2026-09-08 23:30:00+0900,0,1,82.2,BOT,NORMAL,false,ALIVE,measured,,49.1,38.8,12.1
2026-09-08 23:35:00+0900,0,2,87.0,MID,NORMAL,false,ALIVE,measured,,45.8,25.4,28.8
2026-09-08 23:40:00+0900,0,1,73.4,BOT,LOW,true,ALIVE,measured,,87.0,9.4,3.6
2026-09-08 23:45:00+0900,0,2,89.4,MID,NORMAL,false,ALIVE,measured,,56.3,41.3,2.4
2026-09-08 23:50:00+0900,0,1,87.1,MID,NORMAL,false,ALIVE,measured,,54.3,33.2,12.5
2026-09-08 23:55:00+0900,0,2,95.3,MID,NORMAL,false,ALIVE,measured,,82.4,8.3,9.3
2026-09-09 00:00:00+0900,0,1,75.5,BOT,LOW,true,ALIVE,measured,,88.1,9.3,2.6
2026-09-09 00:05:00+0900,0,2,85.0,BOT,NORMAL,false,ALIVE,measured,,85.7,12.1,2.2
2026-09-09 00:10:00+0900,0,1,83.5,BOT,NORMAL,false,ALIVE,measured,,77.0,14.1,8.9
2026-09-09 00:15:00+0900,0,2,74.6,BOT,LOW,true,ALIVE,measured,,81.6,15.3,3.1
2026-09-09 00:20:00+0900,0,1,66.0,BOT,LOW,true,ALIVE,measured,,87.4,10.2,2.4
2026-09-09 00:25:00+0900,0,2,69.8,BOT,LOW,true,ALIVE,measured,,78.3,7.3,14.4
2026-09-09 00:30:00+0900,0,1,69.2,BOT,LOW,true,ALIVE,measured,,86.4,10.8,2.8
2026-09-09 00:35:00+0900,0,2,84.7,BOT,NORMAL,false,ALIVE,measured,,73.1,10.0,16.9
2026-09-09 00:40:00+0900,0,1,75.2,BOT,LOW,true,ALIVE,measured,,57.1,33.4,9.5
2026-09-09 00:45:00+0900,0,2,74.7,BOT,LOW,true,ALIVE,measured,,19.6,21.2,59.2
2026-09-09 00:50:00+0900,0,1,81.1,BOT,NORMAL,false,ALIVE,measured,,74.5,19.8,5.7
2026-09-09 00:55:00+0900,0,2,82.0,BOT,NORMAL,false,ALIVE,measured,,72.1,12.0,15.9
2026-09-09 01:00:00+0900,0,1,67.8,BOT,LOW,true,ALIVE,measured,,48.9,38.5,12.6
2026-09-09 01:05:00+0900,0,2,65.7,BOT,LOW,true,ALIVE,measured,,77.6,7.5,14.9
2026-09-09 01:10:00+0900,0,1,74.6,BOT,LOW,true,ALIVE,measured,,75.3,17.5,7.2
2026-09-09 01:15:00+0900,0,2,68.3,BOT,LOW,true,ALIVE,measured,,74.2,21.8,4.0
2026-09-09 01:20:00+0900,0,1,75.5,BOT,LOW,true,ALIVE,measured,,80.9,13.8,5.3
2026-09-09 01:25:00+0900,0,2,63.9,BOT,LOW,true,ALIVE,measured,,47.8,38.9,13.3
2026-09-09 01:30:00+0900,0,1,74.2,BOT,LOW,true,ALIVE,measured,,24.0,31.1,44.9
2026-09-09 01:35:00+0900,0,2,69.6,BOT,LOW,true,ALIVE,measured,,88.6,7.9,3.5
2026-09-09 01:40:00+0900,0,1,68.1,BOT,LOW,true,ALIVE,measured,,74.0,15.0,11.0
2026-09-09 01:45:00+0900,0,2,77.0,BOT,LOW,true,ALIVE,measured,,87.3,8.2,4.5
2026-09-09 01:50:00+0900,0,1,70.5,BOT,LOW,true,ALIVE,measured,,81.4,8.0,10.6
2026-09-09 01:55:00+0900,0,2,65.2,BOT,LOW,true,ALIVE,measured,,38.2,25.7,36.1
2026-09-09 02:00:00+0900,0,1,74.5,BOT,LOW,true,ALIVE,measured,,90.6,7.1,2.3
2026-09-09 02:05:00+0900,0,2,57.6,BOT,LOW,true,ALIVE,measured,,73.1,13.6,13.3
2026-09-09 02:10:00+0900,0,1,72.4,BOT,LOW,true,ALIVE,measured,,56.3,31.5,12.2
2026-09-09 02:15:00+0900,0,2,72.5,BOT,LOW,true,ALIVE,measured,,84.0,13.5,2.5
2026-09-09 02:20:00+0900,0,1,62.9,BOT,LOW,true,ALIVE,measured,,72.9,8.2,18.9
2026-09-09 02:25:00+0900,0,2,65.4,BOT,LOW,true,ALIVE,measured,,74.4,14.6,11.0
2026-09-09 02:30:00+0900,0,1,55.0,BOT,LOW,true,ALIVE,measured,,48.5,27.6,23.9
2026-09-09 02:35:00+0900,0,2,70.7,BOT,LOW,true,ALIVE,measured,,90.9,7.1,2.0
2026-09-09 02:40:00+0900,0,1,71.8,BOT,LOW,true,ALIVE,measured,,72.2,19.7,8.1
2026-09-09 02:45:00+0900,0,2,63.8,BOT,LOW,true,ALIVE,measured,,89.8,8.2,2.0
2026-09-09 02:50:00+0900,0,1,58.4,BOT,LOW,true,ALIVE,measured,,56.8,28.0,15.2
2026-09-09 02:55:00+0900,0,2,67.2,BOT,LOW,true,ALIVE,measured,,82.7,7.9,9.4
2026-09-09 03:00:00+0900,0,1,62.8,BOT,LOW,true,ALIVE,measured,,86.1,10.4,3.5
2026-09-09 03:05:00+0900,0,2,74.1,BOT,LOW,true,ALIVE,measured,,89.8,7.1,3.1
2026-09-09 03:10:00+0900,0,1,66.9,BOT,LOW,true,ALIVE,measured,,55.8,39.6,4.6
2026-09-09 03:15:00+0900,0,2,65.9,BOT,LOW,true,ALIVE,measured,,77.6,18.6,3.8
2026-09-09 03:20:00+0900,0,1,70.3,BOT,LOW,true,ALIVE,measured,,79.2,18.3,2.5
2026-09-09 03:25:00+0900,0,2,58.6,BOT,LOW,true,ALIVE,measured,,88.5,7.7,3.8
2026-09-09 03:30:00+0900,0,1,70.3,BOT,LOW,true,ALIVE,measured,,50.5,38.0,11.5
2026-09-09 03:35:00+0900,0,2,66.2,BOT,LOW,true,ALIVE,measured,,76.2,18.0,5.8
2026-09-09 03:40:00+0900,0,1,64.3,BOT,LOW,true,ALIVE,measured,,75.9,18.2,5.9
2026-09-09 03:45:00+0900,0,2,58.3,BOT,LOW,true,ALIVE,measured,,75.8,7.9,16.3
2026-09-09 03:50:00+0900,0,1,67.8,BOT,LOW,true,ALIVE,measured,,60.8,34.5,4.7
2026-09-09 03:55:00+0900,0,2,69.3,BOT,LOW,true,ALIVE,measured,,85.2,9.1,5.7
2026-09-09 04:00:00+0900,0,1,66.2,BOT,LOW,true,ALIVE,measured,,82.0,13.2,4.8
2026-09-09 04:05:00+0900,0,2,84.7,BOT,NORMAL,false,ALIVE,measured,,90.0,7.1,2.9
2026-09-09 04:10:00+0900,0,1,61.5,BOT,LOW,true,ALIVE,measured,,81.5,10.0,8.5
2026-09-09 04:15:00+0900,0,2,58.6,BOT,LOW,true,ALIVE,measured,,82.8,14.3,2.9
2026-09-09 04:20:00+0900,0,1,59.3,BOT,LOW,true,ALIVE,measured,,82.4,12.8,4.8
2026-09-09 04:25:00+0900,0,2,61.3,BOT,LOW,true,ALIVE,measured,,74.7,10.2,15.1
2026-09-09 04:30:00+0900,0,1,60.1,BOT,LOW,true,ALIVE,measured,,80.4,11.9,7.7
2026-09-09 04:35:00+0900,0,2,60.6,BOT,LOW,true,ALIVE,measured,,88.6,8.1,3.3
2026-09-09 04:40:00+0900,0,1,63.5,BOT,LOW,true,ALIVE,measured,,85.2,7.3,7.5
2026-09-09 04:45:00+0900,0,2,75.1,BOT,LOW,true,ALIVE,measured,,83.8,11.2,5.0
2026-09-09 04:50:00+0900,0,1,71.1,BOT,LOW,true,ALIVE,measured,,88.5,8.3,3.2
2026-09-09 04:55:00+0900,0,2,68.9,BOT,LOW,true,ALIVE,measured,,73.5,8.9,17.6
2026-09-09 05:00:00+0900,0,1,76.0,BOT,LOW,true,ALIVE,measured,,72.7,10.7,16.6
2026-09-09 05:05:00+0900,0,2,70.8,BOT,LOW,true,ALIVE,measured,,89.6,7.1,3.3
2026-09-09 05:10:00+0900,0,1,73.1,BOT,LOW,true,ALIVE,measured,,87.5,9.1,3.4
2026-09-09 05:15:00+0900,0,2,61.2,BOT,LOW,true,ALIVE,measured,,77.6,13.8,8.6
2026-09-09 05:20:00+0900,0,1,66.9,BOT,LOW,true,ALIVE,measured,,24.3,34.2,41.5
2026-09-09 05:25:00+0900,0,2,67.3,BOT,LOW,true,ALIVE,measured,,54.3,30.0,15.7
2026-09-09 05:30:00+0900,0,1,66.2,BOT,LOW,true,ALIVE,measured,,59.7,28.7,11.6
2026-09-09 05:35:00+0900,0,2,89.7,MID,NORMAL,false,ALIVE,measured,,45.7,27.4,26.9
2026-09-09 05:40:00+0900,0,1,81.3,BOT,NORMAL,false,ALIVE,measured,,57.5,36.7,5.8
2026-09-09 05:45:00+0900,0,2,84.2,BOT,NORMAL,false,ALIVE,measured,,79.8,8.6,11.6
2026-09-09 05:50:00+0900,0,1,94.3,MID,NORMAL,false,ALIVE,measured,,90.1,7.0,2.9
2026-09-09 05:55:00+0900,0,2,77.7,BOT,LOW,true,ALIVE,measured,,72.9,13.2,13.9
2026-09-09 06:00:00+0900,0,1,75.6,BOT,LOW,true,ALIVE,measured,,46.5,37.9,15.6
2026-09-09 06:05:00+0900,0,2,67.5,BOT,LOW,true,ALIVE,measured,,57.0,34.5,8.5
2026-09-09 06:10:00+0900,0,1,84.0,BOT,NORMAL,false,ALIVE,measured,,84.9,7.8,7.3
2026-09-09 06:15:00+0900,0,2,77.5,BOT,LOW,true,ALIVE,measured,,72.5,9.4,18.1
2026-09-09 06:20:00+0900,0,1,78.6,BOT,NORMAL,false,ALIVE,measured,,85.5,9.9,4.6
2026-09-09 06:25:00+0900,0,2,82.0,BOT,NORMAL,false,ALIVE,measured,,82.4,8.9,8.7
2026-09-09 06:30:00+0900,0,1,85.8,MID,NORMAL,false,ALIVE,measured,,87.7,9.4,2.9
2026-09-09 06:35:00+0900,0,2,76.9,BOT,LOW,true,ALIVE,measured,,74.0,12.9,13.1
2026-09-09 06:40:00+0900,0,1,88.9,MID,NORMAL,false,ALIVE,measured,,77.0,12.4,10.6
2026-09-09 06:45:00+0900,0,2,84.0,BOT,NORMAL,false,ALIVE,measured,,77.2,15.4,7.4
2026-09-09 06:50:00+0900,0,1,95.0,MID,NORMAL,false,ALIVE,measured,,86.6,10.4,3.0
2026-09-09 06:55:00+0900,0,2,88.5,MID,NORMAL,false,ALIVE,measured,,86.7,9.4,3.9
2026-09-09 07:00:00+0900,0,1,98.6,MID,NORMAL,true,ALIVE,measured,,23.1,25.2,51.7
2026-09-09 07:05:00+0900,0,2,79.9,BOT,NORMAL,false,ALIVE,measured,,77.7,16.9,5.4
2026-09-09 07:10:00+0900,0,1,91.2,MID,NORMAL,false,ALIVE,measured,,58.9,38.0,3.1
2026-09-09 07:15:00+0900,0,2,86.0,MID,NORMAL,false,ALIVE,measured,,75.1,18.5,6.4
2026-09-09 07:20:00+0900,0,1,83.9,BOT,NORMAL,false,ALIVE,measured,,75.4,18.4,6.2
2026-09-09 07:25:00+0900,0,2,86.4,MID,NORMAL,false,ALIVE,measured,,76.1,10.5,13.4
2026-09-09 07:30:00+0900,0,1,107.1,MID,NORMAL,true,ALIVE,measured,,24.6,32.3,43.1
2026-09-09 07:35:00+0900,0,2,108.2,MID,NORMAL,false,ALIVE,measured,,49.0,25.0,26.0
2026-09-09 07:40:00+0900,0,1,98.5,MID,NORMAL,false,ALIVE,measured,,77.7,16.3,6.0
2026-09-09 07:45:00+0900,0,2,100.2,MID,NORMAL,true,ALIVE,measured,,27.9,23.4,48.7
2026-09-09 07:50:00+0900,0,1,98.8,MID,NORMAL,false,ALIVE,measured,,47.5,41.0,11.5
2026-09-09 07:55:00+0900,0,2,104.0,MID,NORMAL,false,ALIVE,measured,,90.3,7.4,2.3
2026-09-09 08:00:00+0900,0,1,97.1,MID,NORMAL,true,ALIVE,measured,,27.9,37.1,35.0
2026-09-09 08:05:00+0900,0,2,106.1,MID,NORMAL,false,ALIVE,measured,,79.9,13.5,6.6
2026-09-09 08:10:00+0900,0,1,105.8,MID,NORMAL,false,ALIVE,measured,,57.0,32.1,10.9
2026-09-09 08:15:00+0900,0,2,116.5,TOP,NORMAL,false,ALIVE,measured,,88.2,9.1,2.7
2026-09-09 08:20:00+0900,0,1,107.4,MID,NORMAL,true,ALIVE,measured,,36.5,32.4,31.1
2026-09-09 08:25:00+0900,0,2,110.5,MID,NORMAL,false,ALIVE,measured,,83.7,8.5,7.8
2026-09-09 08:30:00+0900,0,1,101.1,MID,NORMAL,false,ALIVE,measured,,89.3,7.7,3.0
2026-09-09 08:35:00+0900,0,2,106.8,MID,NORMAL,true,ALIVE,measured,,38.5,24.9,36.6
2026-09-09 08:40:00+0900,0,1,112.3,MID,NORMAL,false,ALIVE,measured,,78.7,16.0,5.3
2026-09-09 08:45:00+0900,0,2,101.7,MID,NORMAL,false,ALIVE,measured,,90.1,7.0,2.9
2026-09-09 08:50:00+0900,0,1,99.0,MID,NORMAL,false,ALIVE,measured,,89.9,7.6,2.5
2026-09-09 08:55:00+0900,0,2,94.5,MID,NORMAL,false,ALIVE,measured,,57.9,25.4,16.7
2026-09-09 09:00:00+0900,0,1,92.4,MID,NORMAL,false,ALIVE,measured,,86.8,7.3,5.9
2026-09-09 09:05:00+0900,0,2,98.7,MID,NORMAL,false,ALIVE,measured,,89.8,7.7,2.5
2026-09-09 09:10:00+0900,0,1,104.4,MID,NORMAL,false,ALIVE,measured,,61.0,33.5,5.5
2026-09-09 09:15:00+0900,0,2,102.6,MID,NORMAL,false,ALIVE,measured,,82.5,15.1,2.4
2026-09-09 09:20:00+0900,0,1,98.0,MID,NORMAL,false,ALIVE,measured,,77.2,19.5,3.3
2026-09-09 09:25:00+0900,0,2,101.6,MID,NORMAL,false,ALIVE,measured,,72.1,9.7,18.2
2026-09-09 09:30:00+0900,0,1,88.9,MID,NORMAL,false,ALIVE,measured,,48.9,30.5,20.6
2026-09-09 09:35:00+0900,0,2,99.9,MID,NORMAL,true,ALIVE,measured,,25.2,21.9,52.9
2026-09-09 09:40:00+0900,0,1,102.7,MID,NORMAL,false,ALIVE,measured,,75.4,21.7,2.9
2026-09-09 09:45:00+0900,0,2,109.3,MID,NORMAL,false,ALIVE,measured,,76.6,13.4,10.0
2026-09-09 09:50:00+0900,0,1,99.3,MID,NORMAL,false,ALIVE,measured,,87.5,8.9,3.6
2026-09-09 09:55:00+0900,0,2,103.1,MID,NORMAL,false,ALIVE,measured,,62.4,25.7,11.9
2026-09-09 10:00:00+0900,0,1,104.8,MID,NORMAL,false,ALIVE,measured,,79.1,15.7,5.2
2026-09-09 10:05:00+0900,0,2,94.6,MID,NORMAL,false,ALIVE,measured,,88.4,8.4,3.2
2026-09-09 10:10:00+0900,0,1,97.6,MID,NORMAL,false,ALIVE,measured,,89.1,7.4,3.5
2026-09-09 10:15:00+0900,0,2,98.4,MID,NORMAL,false,ALIVE,measured,,84.7,8.3,7.0
2026-09-09 10:20:00+0900,0,1,100.0,MID,NORMAL,false,ALIVE,measured,,44.4,26.0,29.6
2026-09-09 10:25:00+0900,0,2,91.5,MID,NORMAL,false,ALIVE,measured,,46.4,26.9,26.7
2026-09-09 10:30:00+0900,0,1,95.3,MID,NORMAL,false,ALIVE,measured,,84.3,10.7,5.0
2026-09-09 10:35:00+0900,0,2,107.4,MID,NORMAL,true,ALIVE,measured,,21.8,21.0,57.2
2026-09-09 10:40:00+0900,0,1,110.4,MID,NORMAL,false,ALIVE,measured,,86.0,11.9,2.1
2026-09-09 10:45:00+0900,0,2,102.2,MID,NORMAL,false,ALIVE,measured,,88.6,9.3,2.1
2026-09-09 10:50:00+0900,0,1,102.5,MID,NORMAL,false,ALIVE,measured,,88.5,7.6,3.9
2026-09-09 10:55:00+0900,0,2,98.3,MID,NORMAL,false,ALIVE,measured,,88.3,8.5,3.2
2026-09-09 11:00:00+0900,0,1,90.6,MID,NORMAL,false,ALIVE,measured,,54.6,27.8,17.6
2026-09-09 11:05:00+0900,0,2,108.9,MID,NORMAL,false,ALIVE,measured,,83.9,11.6,4.5
2026-09-09 11:10:00+0900,0,1,100.5,MID,NORMAL,false,ALIVE,measured,,79.7,10.5,9.8
2026-09-09 11:15:00+0900,0,2,91.6,MID,NORMAL,false,ALIVE,measured,,82.0,14.6,3.4
2026-09-09 11:20:00+0900,0,1,94.3,MID,NORMAL,false,ALIVE,measured,,48.1,29.5,22.4
2026-09-09 11:25:00+0900,0,2,102.6,MID,NORMAL,false,ALIVE,measured,,80.8,11.5,7.7
2026-09-09 11:30:00+0900,0,1,90.2,MID,NORMAL,false,ALIVE,measured,,89.5,7.9,2.6
2026-09-09 11:35:00+0900,0,2,110.4,MID,NORMAL,false,ALIVE,measured,,82.6,7.9,9.5
2026-09-09 11:40:00+0900,0,1,119.0,TOP,HIGH,true,ALIVE,measured,,75.6,11.0,13.4
2026-09-09 11:45:00+0900,0,2,110.5,MID,NORMAL,false,ALIVE,measured,,85.5,7.5,7.0
2026-09-09 11:50:00+0900,0,1,101.0,MID,NORMAL,false,ALIVE,measured,,77.6,13.3,9.1
2026-09-09 11:55:00+0900,0,2,100.3,MID,NORMAL,false,ALIVE,measured,,72.0,7.2,20.8
2026-09-09 12:00:00+0900,0,1,94.7,MID,NORMAL,false,ALIVE,measured,,45.5,43.0,11.5
2026-09-09 12:05:00+0900,0,2,88.9,MID,NORMAL,false,ALIVE,measured,,50.9,29.2,19.9
2026-09-09 12:10:00+0900,0,1,94.4,MID,NORMAL,false,ALIVE,measured,,76.1,16.1,7.8
2026-09-09 12:15:00+0900,0,2,109.7,MID,NORMAL,false,ALIVE,measured,,42.9,28.6,28.5
2026-09-09 12:20:00+0900,0,1,91.7,MID,NORMAL,false,ALIVE,measured,,61.0,25.7,13.3
2026-09-09 12:25:00+0900,0,2,105.3,MID,NORMAL,false,ALIVE,measured,,74.3,17.2,8.5
2026-09-09 12:30:00+0900,0,1,93.7,MID,NORMAL,false,ALIVE,measured,,78.0,12.7,9.3
2026-09-09 12:35:00+0900,0,2,97.0,MID,NORMAL,false,ALIVE,measured,,77.2,18.5,4.3
2026-09-09 12:40:00+0900,0,1,94.9,MID,NORMAL,false,ALIVE,measured,,84.4,12.8,2.8
2026-09-09 12:45:00+0900,0,2,114.1,MID,NORMAL,false,ALIVE,measured,,80.5,10.5,9.0
2026-09-09 12:50:00+0900,0,1,103.9,MID,NORMAL,false,ALIVE,measured,,46.6,36.4,17.0
2026-09-09 12:55:00+0900,0,2,98.9,MID,NORMAL,false,ALIVE,measured,,77.0,9.8,13.2
2026-09-09 13:00:00+0900,0,1,94.0,MID,NORMAL,false,ALIVE,measured,,72.5,21.4,6.1
2026-09-09 13:05:00+0900,0,2,106.7,MID,NORMAL,false,ALIVE,measured,,79.2,14.6,6.2
2026-09-09 13:10:00+0900,0,1,101.3,MID,NORMAL,false,ALIVE,measured,,75.6,21.4,3.0
2026-09-09 13:15:00+0900,0,2,104.3,MID,NORMAL,false,ALIVE,measured,,82.7,9.1,8.2
2026-09-09 13:20:00+0900,0,1,98.3,MID,NORMAL,true,ALIVE,measured,,28.9,28.6,42.5
2026-09-09 13:25:00+0900,0,2,90.8,MID,NORMAL,false,ALIVE,measured,,81.6,8.1,10.3
2026-09-09 13:30:00+0900,0,1,100.9,MID,NORMAL,false,ALIVE,measured,,46.5,35.3,18.2
2026-09-09 13:35:00+0900,0,2,100.4,MID,NORMAL,false,ALIVE,measured,,78.1,11.7,10.2
2026-09-09 13:40:00+0900,0,1,107.6,MID,NORMAL,false,ALIVE,measured,,90.8,7.1,2.1
2026-09-09 13:45:00+0900,0,2,91.8,MID,NORMAL,false,ALIVE,measured,,89.7,7.1,3.2
2026-09-09 13:50:00+0900,0,1,99.7,MID,NORMAL,false,ALIVE,measured,,82.3,11.8,5.9
2026-09-09 13:55:00+0900,0,2,89.0,MID,NORMAL,false,ALIVE,measured,,80.7,9.2,10.1
2026-09-09 14:00:00+0900,0,1,90.8,MID,NORMAL,false,ALIVE,measured,,78.3,12.9,8.8
2026-09-09 14:05:00+0900,0,2,112.2,MID,NORMAL,false,ALIVE,measured,,76.1,8.3,15.6
2026-09-09 14:10:00+0900,0,1,87.8,MID,NORMAL,false,ALIVE,measured,,82.1,9.5,8.4
2026-09-09 14:15:00+0900,0,2,94.9,MID,NORMAL,true,ALIVE,measured,,21.3,28.0,50.7
2026-09-09 14:20:00+0900,0,1,102.5,MID,NORMAL,true,ALIVE,measured,,32.3,21.9,45.8
2026-09-09 14:25:00+0900,0,2,98.8,MID,NORMAL,false,ALIVE,measured,,79.9,16.4,3.7
2026-09-09 14:30:00+0900,0,1,89.7,MID,NORMAL,false,ALIVE,measured,,73.1,11.1,15.8
2026-09-09 14:35:00+0900,0,2,82.6,BOT,NORMAL,false,ALIVE,measured,,75.5,12.6,11.9
2026-09-09 14:40:00+0900,0,1,107.1,MID,NORMAL,false,ALIVE,measured,,42.2,31.2,26.6
2026-09-09 14:45:00+0900,0,2,101.3,MID,NORMAL,false,ALIVE,measured,,81.5,10.8,7.7
2026-09-09 14:50:00+0900,0,1,107.8,MID,NORMAL,false,ALIVE,measured,,88.1,7.0,4.9
2026-09-09 14:55:00+0900,0,2,92.9,MID,NORMAL,false,ALIVE,measured,,85.8,9.3,4.9
2026-09-09 15:00:00+0900,0,1,105.6,MID,NORMAL,false,ALIVE,measured,,85.8,10.5,3.7
2026-09-09 15:05:00+0900,0,2,104.1,MID,NORMAL,false,ALIVE,measured,,79.9,13.3,6.8
2026-09-09 15:10:00+0900,0,1,103.3,MID,NORMAL,false,ALIVE,measured,,88.8,8.9,2.3
2026-09-09 15:15:00+0900,0,2,91.3,MID,NORMAL,false,ALIVE,measured,,90.8,7.2,2.0
2026-09-09 15:20:00+0900,0,1,111.0,MID,NORMAL,false,ALIVE,measured,,87.0,9.8,3.2
2026-09-09 15:25:00+0900,0,2,105.1,MID,NORMAL,false,ALIVE,measured,,53.9,36.5,9.6
2026-09-09 15:30:00+0900,0,1,105.2,MID,NORMAL,false,ALIVE,measured,,81.0,15.1,3.9
2026-09-09 15:35:00+0900,0,2,89.5,MID,NORMAL,false,ALIVE,measured,,58.1,34.8,7.1
2026-09-09 15:40:00+0900,0,1,99.5,MID,NORMAL,false,ALIVE,measured,,74.7,8.5,16.8
2026-09-09 15:45:00+0900,0,2,108.7,MID,NORMAL,false,ALIVE,measured,,81.5,16.0,2.5
2026-09-09 15:50:00+0900,0,1,98.3,MID,NORMAL,false,ALIVE,measured,,50.9,31.5,17.6
2026-09-09 15:55:00+0900,0,2,109.5,MID,NORMAL,false,ALIVE,measured,,81.9,7.3,10.8
2026-09-09 16:00:00+0900,0,1,100.5,MID,NORMAL,false,ALIVE,measured,,58.5,27.4,14.1
2026-09-09 16:05:00+0900,0,2,103.9,MID,NORMAL,false,ALIVE,measured,,79.0,18.2,2.8
2026-09-09 16:10:00+0900,0,1,105.8,MID,NORMAL,false,ALIVE,measured,,86.0,10.0,4.0
2026-09-09 16:15:00+0900,0,2,103.2,MID,NORMAL,false,ALIVE,measured,,85.2,9.8,5.0
2026-09-09 16:20:00+0900,0,1,103.9,MID,NORMAL,false,ALIVE,measured,,73.9,13.5,12.6
2026-09-09 16:25:00+0900,0,2,94.9,MID,NORMAL,false,ALIVE,measured,,84.1,9.4,6.5
2026-09-09 16:30:00+0900,0,1,100.3,MID,NORMAL,false,ALIVE,measured,,82.5,9.4,8.1
2026-09-09 16:35:00+0900,0,2,120.7,TOP,HIGH,true,ALIVE,measured,,81.7,8.8,9.5
2026-09-09 16:40:00+0900,0,1,95.1,MID,NORMAL,false,ALIVE,measured,,80.0,17.6,2.4
2026-09-09 16:45:00+0900,0,2,106.5,MID,NORMAL,false,ALIVE,measured,,85.6,10.6,3.8
2026-09-09 16:50:00+0900,0,1,119.9,TOP,HIGH,true,ALIVE,measured,,85.0,9.7,5.3
2026-09-09 16:55:00+0900,0,2,96.1,MID,NORMAL,false,ALIVE,measured,,87.4,9.6,3.0
2026-09-09 17:00:00+0900,0,1,109.3,MID,NORMAL,false,ALIVE,measured,,89.4,7.9,2.7
2026-09-09 17:05:00+0900,0,2,103.3,MID,NORMAL,false,ALIVE,measured,,82.3,12.3,5.4
2026-09-09 17:10:00+0900,0,1,106.2,MID,NORMAL,false,ALIVE,measured,,90.0,7.7,2.3
2026-09-09 17:15:00+0900,0,2,108.3,MID,NORMAL,false,ALIVE,measured,,75.4,17.6,7.0
2026-09-09 17:20:00+0900,0,1,120.8,TOP,HIGH,true,ALIVE,measured,,86.9,11.0,2.1
2026-09-09 17:25:00+0900,0,2,114.7,MID,NORMAL,false,ALIVE,measured,,45.3,27.3,27.4
2026-09-09 17:30:00+0900,0,1,109.7,MID,NORMAL,false,ALIVE,measured,,87.1,10.7,2.2
2026-09-09 17:35:00+0900,0,2,131.6,TOP,HIGH,true,ALIVE,measured,,57.6,36.5,5.9
2026-09-09 17:40:00+0900,0,1,117.9,TOP,NORMAL,false,ALIVE,measured,,44.7,38.1,17.2
2026-09-09 17:45:00+0900,0,2,133.4,TOP,HIGH,true,ALIVE,measured,,38.2,36.2,25.6
2026-09-09 17:50:00+0900,0,1,125.9,TOP,HIGH,true,ALIVE,measured,,77.6,7.7,14.7
2026-09-09 17:55:00+0900,0,2,119.0,TOP,HIGH,true,ALIVE,measured,,77.1,12.7,10.2
2026-09-09 18:00:00+0900,0,1,128.7,TOP,HIGH,true,ALIVE,measured,,77.3,11.3,11.4
2026-09-09 18:05:00+0900,0,2,124.5,TOP,HIGH,true,ALIVE,measured,,75.5,20.9,3.6
2026-09-09 18:10:00+0900,0,1,126.5,TOP,HIGH,true,ALIVE,measured,,57.7,39.8,2.5
2026-09-09 18:15:00+0900,0,2,115.2,TOP,NORMAL,false,ALIVE,measured,,76.0,21.0,3.0
2026-09-09 18:20:00+0900,0,1,125.1,TOP,HIGH,true,ALIVE,measured,,79.3,8.6,12.1
2026-09-09 18:25:00+0900,0,2,117.6,TOP,NORMAL,false,ALIVE,measured,,72.2,20.8,7.0
2026-09-09 18:30:00+0900,0,1,121.2,TOP,HIGH,true,ALIVE,measured,,55.0,34.8,10.2
2026-09-09 18:35:00+0900,0,2,115.0,TOP,NORMAL,true,ALIVE,measured,,31.2,35.7,33.1
2026-09-09 18:40:00+0900,0,1,121.7,TOP,HIGH,true,ALIVE,measured,,23.7,28.5,47.8
2026-09-09 18:45:00+0900,0,2,115.0,TOP,NORMAL,false,ALIVE,measured,,89.9,7.6,2.5
2026-09-09 18:50:00+0900,0,1,118.0,TOP,NORMAL,false,ALIVE,measured,,55.3,25.2,19.5
2026-09-09 18:55:00+0900,0,2,116.9,TOP,NORMAL,false,ALIVE,measured,,56.1,35.1,8.8
2026-09-09 19:00:00+0900,0,1,112.9,MID,NORMAL,false,ALIVE,measured,,90.9,7.0,2.1
2026-09-09 19:05:00+0900,0,2,111.3,MID,NORMAL,false,ALIVE,measured,,76.9,19.3,3.8
2026-09-09 19:10:00+0900,0,1,111.9,MID,NORMAL,false,ALIVE,measured,,76.7,17.9,5.4
2026-09-09 19:15:00+0900,0,2,106.0,MID,NORMAL,false,ALIVE,measured,,45.2,30.2,24.6
2026-09-09 19:20:00+0900,0,1,121.0,TOP,HIGH,true,ALIVE,measured,,76.7,17.3,6.0
2026-09-09 19:25:00+0900,0,2,105.3,MID,NORMAL,false,ALIVE,measured,,84.7,12.5,2.8
2026-09-09 19:30:00+0900,0,1,107.5,MID,NORMAL,false,ALIVE,measured,,62.1,29.4,8.5
2026-09-09 19:35:00+0900,0,2,117.6,TOP,NORMAL,false,ALIVE,measured,,89.9,7.3,2.8
2026-09-09 19:40:00+0900,0,1,105.1,MID,NORMAL,false,ALIVE,measured,,79.5,9.0,11.5
2026-09-09 19:45:00+0900,0,2,112.3,MID,NORMAL,false,ALIVE,measured,,55.4,35.8,8.8
2026-09-09 19:50:00+0900,0,1,110.8,MID,NORMAL,false,ALIVE,measured,,89.2,7.4,3.4
2026-09-09 19:55:00+0900,0,2,108.7,MID,NORMAL,false,ALIVE,measured,,81.8,13.7,4.5
2026-09-09 20:00:00+0900,0,1,108.1,MID,NORMAL,false,ALIVE,measured,,45.7,41.1,13.2
2026-09-09 20:05:00+0900,0,2,107.0,MID,NORMAL,false,ALIVE,measured,,83.1,12.2,4.7
2026-09-09 20:10:00+0900,0,1,118.4,TOP,HIGH,true,ALIVE,measured,,45.5,25.4,29.1
2026-09-09 20:15:00+0900,0,2,102.8,MID,NORMAL,false,ALIVE,measured,,88.0,9.7,2.3
2026-09-09 20:20:00+0900,0,1,110.7,MID,NORMAL,false,ALIVE,measured,,89.0,7.2,3.8
2026-09-09 20:25:00+0900,0,2,118.2,TOP,HIGH,true,ALIVE,measured,,74.6,17.7,7.7
2026-09-09 20:30:00+0900,0,1,116.8,TOP,NORMAL,false,ALIVE,measured,,76.3,16.6,7.1
2026-09-09 20:35:00+0900,0,2,108.8,MID,NORMAL,false,ALIVE,measured,,79.8,17.1,3.1
2026-09-09 20:40:00+0900,0,1,110.1,MID,NORMAL,false,ALIVE,measured,,90.2,7.6,2.2
2026-09-09 20:45:00+0900,0,2,109.3,MID,NORMAL,false,ALIVE,measured,,80.3,15.7,4.0
2026-09-09 20:50:00+0900,0,1,103.7,MID,NORMAL,true,ALIVE,measured,,21.5,26.6,51.9
2026-09-09 20:55:00+0900,0,2,107.9,MID,NORMAL,false,ALIVE,measured,,50.8,34.3,14.9
2026-09-09 21:00:00+0900,1,1,103.3,MID,NORMAL,false,ALIVE,measured,,88.7,7.2,4.1
2026-09-09 21:05:00+0900,1,2,110.8,MID,NORMAL,false,ALIVE,measured,,78.2,7.3,14.5
2026-09-09 21:10:00+0900,1,1,96.4,MID,NORMAL,false,ALIVE,measured,,82.7,14.0,3.3
2026-09-09 21:15:00+0900,1,2,114.6,MID,NORMAL,false,ALIVE,measured,,89.2,7.3,3.5
2026-09-09 21:20:00+0900,1,1,96.8,MID,NORMAL,true,ALIVE,measured,,34.0,33.4,32.6
2026-09-09 21:25:00+0900,1,2,98.1,MID,NORMAL,false,ALIVE,measured,,56.5,36.5,7.0
2026-09-09 21:30:00+0900,1,1,99.3,MID,NORMAL,false,ALIVE,measured,,77.8,15.4,6.8
2026-09-09 21:35:00+0900,1,2,98.4,MID,NORMAL,false,ALIVE,measured,,83.3,14.3,2.4
2026-09-09 21:40:00+0900,1,1,97.7,MID,NORMAL,false,ALIVE,measured,,86.3,9.1,4.6
2026-09-09 21:45:00+0900,1,2,94.7,MID,NORMAL,false,ALIVE,measured,,55.2,30.8,14.0
2026-09-09 21:50:00+0900,1,1,109.1,MID,NORMAL,false,ALIVE,measured,,89.5,7.3,3.2
2026-09-09 21:55:00+0900,1,2,97.9,MID,NORMAL,false,ALIVE,measured,,73.9,19.3,6.8
2026-09-09 22:00:00+0900,1,1,103.0,MID,NORMAL,false,ALIVE,measured,,87.6,8.2,4.2
2026-09-09 22:05:00+0900,1,2,98.3,MID,NORMAL,false,ALIVE,measured,,75.7,18.8,5.5
2026-09-09 22:10:00+0900,1,1,98.2,MID,NORMAL,false,ALIVE,measured,,62.3,34.7,3.0
2026-09-09 22:15:00+0900,1,2,102.1,MID,NORMAL,false,ALIVE,measured,,83.4,7.7,8.9
2026-09-09 22:20:00+0900,1,1,97.0,MID,NORMAL,false,ALIVE,measured,,81.1,15.2,3.7
2026-09-09 22:25:00+0900,1,2,106.0,MID,NORMAL,false,ALIVE,measured,,91.0,7.0,2.0
2026-09-09 22:30:00+0900,1,1,99.9,MID,NORMAL,false,ALIVE,measured,,85.7,11.7,2.6
2026-09-09 22:35:00+0900,1,2,105.3,MID,NORMAL,false,ALIVE,measured,,82.7,14.5,2.8
2026-09-09 22:40:00+0900,1,1,93.4,MID,NORMAL,true,ALIVE,measured,,22.0,25.8,52.2
2026-09-09 22:45:00+0900,1,2,93.5,MID,NORMAL,false,ALIVE,measured,,73.3,17.6,9.1
2026-09-09 22:50:00+0900,1,1,86.2,MID,NORMAL,false,ALIVE,measured,,52.1,33.2,14.7
2026-09-09 22:55:00+0900,1,2,91.8,MID,NORMAL,false,ALIVE,measured,,82.3,9.3,8.4
2026-09-09 23:00:00+0900,1,1,98.8,MID,NORMAL,false,ALIVE,measured,,55.6,26.7,17.7
2026-09-09 23:05:00+0900,1,2,92.0,MID,NORMAL,false,ALIVE,measured,,85.3,11.6,3.1
2026-09-09 23:10:00+0900,1,1,76.6,BOT,LOW,true,ALIVE,measured,,84.9,7.3,7.8
2026-09-09 23:15:00+0900,1,2,92.1,MID,NORMAL,false,ALIVE,measured,,90.8,7.2,2.0
2026-09-09 23:20:00+0900,1,1,85.9,MID,NORMAL,false,ALIVE,measured,,78.9,18.6,2.5
2026-09-09 23:25:00+0900,1,2,72.6,BOT,LOW,true,ALIVE,measured,,76.8,8.6,14.6
2026-09-09 23:30:00+0900,1,1,89.4,MID,NORMAL,false,ALIVE,measured,,47.7,36.2,16.1
2026-09-09 23:35:00+0900,1,2,91.5,MID,NORMAL,false,ALIVE,measured,,83.5,11.3,5.2
2026-09-09 23:40:00+0900,1,1,91.2,MID,NORMAL,false,ALIVE,measured,,83.0,11.5,5.5
2026-09-09 23:45:00+0900,1,2,96.1,MID,NORMAL,true,ALIVE,measured,,24.4,36.5,39.1
2026-09-09 23:50:00+0900,1,1,78.0,BOT,LOW,true,ALIVE,measured,,78.8,8.9,12.3
2026-09-09 23:55:00+0900,1,2,83.9,BOT,NORMAL,false,ALIVE,measured,,83.8,13.0,3.2
2026-09-10 00:00:00+0900,1,1,80.0,BOT,NORMAL,false,ALIVE,measured,,84.1,12.4,3.5
2026-09-10 00:05:00+0900,1,2,88.9,MID,NORMAL,false,ALIVE,measured,,79.7,10.9,9.4
2026-09-10 00:10:00+0900,1,1,70.7,BOT,LOW,true,ALIVE,measured,,76.7,9.2,14.1
2026-09-10 00:15:00+0900,1,2,75.2,BOT,LOW,true,ALIVE,measured,,42.9,34.7,22.4
2026-09-10 00:20:00+0900,1,1,81.6,BOT,NORMAL,true,ALIVE,measured,,23.6,31.2,45.2
2026-09-10 00:25:00+0900,1,2,81.4,BOT,NORMAL,false,ALIVE,measured,,78.5,18.3,3.2
2026-09-10 00:30:00+0900,1,1,85.3,MID,NORMAL,true,ALIVE,measured,,21.5,26.3,52.2
2026-09-10 00:35:00+0900,1,2,83.5,BOT,NORMAL,false,ALIVE,measured,,90.5,7.5,2.0
2026-09-10 00:40:00+0900,1,1,75.6,BOT,LOW,true,ALIVE,measured,,84.0,12.4,3.6
2026-09-10 00:45:00+0900,1,2,72.3,BOT,LOW,true,ALIVE,measured,,18.7,21.3,60.0
2026-09-10 00:50:00+0900,1,1,74.3,BOT,LOW,true,ALIVE,measured,,89.5,7.9,2.6
2026-09-10 00:55:00+0900,1,2,76.2,BOT,LOW,true,ALIVE,measured,,36.0,25.6,38.4
2026-09-10 01:00:00+0900,1,1,77.1,BOT,LOW,true,ALIVE,measured,,51.0,41.6,7.4
2026-09-10 01:05:00+0900,1,2,65.9,BOT,LOW,true,ALIVE,measured,,62.8,25.7,11.5
2026-09-10 01:10:00+0900,1,1,60.1,BOT,LOW,true,ALIVE,measured,,78.1,14.4,7.5
2026-09-10 01:15:00+0900,1,2,63.2,BOT,LOW,true,ALIVE,measured,,90.7,7.2,2.1
2026-09-10 01:20:00+0900,1,1,74.6,BOT,LOW,true,ALIVE,measured,,79.3,8.7,12.0
2026-09-10 01:25:00+0900,1,2,79.2,BOT,NORMAL,false,ALIVE,measured,,46.7,38.0,15.3
2026-09-10 01:30:00+0900,1,1,62.5,BOT,LOW,true,ALIVE,measured,,82.1,9.1,8.8
2026-09-10 01:35:00+0900,1,2,59.8,BOT,LOW,true,ALIVE,measured,,74.5,12.7,12.8
2026-09-10 01:40:00+0900,1,1,83.9,BOT,NORMAL,false,ALIVE,measured,,82.6,10.7,6.7
2026-09-10 01:45:00+0900,1,2,68.0,BOT,LOW,true,ALIVE,measured,,53.4,25.4,21.2
2026-09-10 01:50:00+0900,1,1,63.5,BOT,LOW,true,ALIVE,measured,,60.0,27.8,12.2
2026-09-10 01:55:00+0900,1,2,75.9,BOT,LOW,true,ALIVE,measured,,46.8,25.1,28.1
2026-09-10 02:00:00+0900,1,1,62.4,BOT,LOW,true,ALIVE,measured,,77.1,12.7,10.2
2026-09-10 02:05:00+0900,1,2,57.5,BOT,LOW,true,ALIVE,measured,,23.3,35.5,41.2
2026-09-10 02:10:00+0900,1,1,62.1,BOT,LOW,true,ALIVE,measured,,89.5,7.8,2.7
2026-09-10 02:15:00+0900,1,2,55.5,BOT,LOW,true,ALIVE,measured,,73.2,20.6,6.2
2026-09-10 02:20:00+0900,1,1,73.7,BOT,LOW,true,ALIVE,measured,,49.2,41.1,9.7
2026-09-10 02:25:00+0900,1,2,64.7,BOT,LOW,true,ALIVE,measured,,84.6,9.0,6.4
2026-09-10 02:30:00+0900,1,1,70.4,BOT,LOW,true,ALIVE,measured,,73.7,9.3,17.0
2026-09-10 02:35:00+0900,1,2,68.5,BOT,LOW,true,ALIVE,measured,,75.4,17.8,6.8
2026-09-10 02:40:00+0900,1,1,71.2,BOT,LOW,true,ALIVE,measured,,80.0,15.4,4.6
2026-09-10 02:45:00+0900,1,2,55.5,BOT,LOW,true,ALIVE,measured,,55.3,42.5,2.2
2026-09-10 02:50:00+0900,1,1,72.2,BOT,LOW,true,ALIVE,measured,,79.3,14.1,6.6
2026-09-10 02:55:00+0900,1,2,56.0,BOT,LOW,true,ALIVE,measured,,74.5,8.1,17.4
2026-09-10 03:00:00+0900,1,1,63.9,BOT,LOW,true,ALIVE,measured,,79.1,12.5,8.4
2026-09-10 03:05:00+0900,1,2,55.0,BOT,LOW,true,ALIVE,measured,,75.3,11.2,13.5
2026-09-10 03:10:00+0900,1,1,58.9,BOT,LOW,true,ALIVE,measured,,76.6,19.3,4.1
2026-09-10 03:15:00+0900,1,2,58.1,BOT,LOW,true,ALIVE,measured,,80.6,15.6,3.8
2026-09-10 03:20:00+0900,1,1,72.0,BOT,LOW,true,ALIVE,measured,,73.2,8.8,18.0
2026-09-10 03:25:00+0900,1,2,63.3,BOT,LOW,true,ALIVE,measured,,85.8,9.2,5.0
2026-09-10 03:30:00+0900,1,1,76.0,BOT,LOW,true,ALIVE,measured,,73.1,15.5,11.4
2026-09-10 03:35:00+0900,1,2,79.6,BOT,NORMAL,false,ALIVE,measured,,73.2,16.5,10.3
2026-09-10 03:40:00+0900,1,1,75.6,BOT,LOW,true,ALIVE,measured,,86.1,10.0,3.9
2026-09-10 03:45:00+0900,1,2,65.3,BOT,LOW,true,ALIVE,measured,,76.4,14.1,9.5
2026-09-10 03:50:00+0900,1,1,55.0,BOT,LOW,true,ALIVE,measured,,90.5,7.3,2.2
2026-09-10 03:55:00+0900,1,2,61.1,BOT,LOW,true,ALIVE,measured,,89.9,7.0,3.1
2026-09-10 04:00:00+0900,1,1,70.9,BOT,LOW,true,ALIVE,measured,,88.5,8.4,3.1
2026-09-10 04:05:00+0900,1,2,66.8,BOT,LOW,true,ALIVE,measured,,78.0,13.6,8.4
2026-09-10 04:10:00+0900,1,1,67.8,BOT,LOW,true,ALIVE,measured,,77.7,15.8,6.5
2026-09-10 04:15:00+0900,1,2,64.2,BOT,LOW,true,ALIVE,measured,,86.4,9.1,4.5
2026-09-10 04:20:00+0900,1,1,73.6,BOT,LOW,true,ALIVE,measured,,88.0,8.8,3.2
2026-09-10 04:25:00+0900,1,2,66.9,BOT,LOW,true,ALIVE,measured,,48.4,34.6,17.0
2026-09-10 04:30:00+0900,1,1,74.5,BOT,LOW,true,ALIVE,measured,,43.9,39.1,17.0
2026-09-10 04:35:00+0900,1,2,67.7,BOT,LOW,true,ALIVE,measured,,75.1,21.7,3.2
2026-09-10 04:40:00+0900,1,1,76.4,BOT,LOW,true,ALIVE,measured,,84.7,7.6,7.7
2026-09-10 04:45:00+0900,1,2,62.4,BOT,LOW,true,ALIVE,measured,,84.3,11.6,4.1
2026-09-10 04:50:00+0900,1,1,60.2,BOT,LOW,true,ALIVE,measured,,84.8,9.9,5.3
2026-09-10 04:55:00+0900,1,2,66.6,BOT,LOW,true,ALIVE,measured,,79.4,14.4,6.2
2026-09-10 05:00:00+0900,1,1,62.2,BOT,LOW,true,ALIVE,measured,,86.6,8.6,4.8
2026-09-10 05:05:00+0900,1,2,83.4,BOT,NORMAL,false,ALIVE,measured,,83.3,8.4,8.3
2026-09-10 05:10:00+0900,1,1,65.5,BOT,LOW,true,ALIVE,measured,,73.3,14.3,12.4
2026-09-10 05:15:00+0900,1,2,72.8,BOT,LOW,true,ALIVE,measured,,77.1,14.4,8.5
2026-09-10 05:20:00+0900,1,1,80.7,BOT,NORMAL,false,ALIVE,measured,,50.8,26.4,22.8
2026-09-10 05:25:00+0900,1,2,66.5,BOT,LOW,true,ALIVE,measured,,79.7,11.5,8.8
2026-09-10 05:30:00+0900,1,1,77.0,BOT,LOW,true,ALIVE,measured,,86.9,7.8,5.3
2026-09-10 05:35:00+0900,1,2,76.7,BOT,LOW,true,ALIVE,measured,,90.7,7.2,2.1
2026-09-10 05:40:00+0900,1,1,67.2,BOT,LOW,true,ALIVE,measured,,77.9,11.5,10.6
2026-09-10 05:45:00+0900,1,2,59.7,BOT,LOW,true,ALIVE,measured,,72.8,11.8,15.4
2026-09-10 05:50:00+0900,1,1,72.3,BOT,LOW,true,ALIVE,measured,,74.1,8.5,17.4
2026-09-10 05:55:00+0900,1,2,74.5,BOT,LOW,true,ALIVE,measured,,90.9,7.1,2.0
2026-09-10 06:00:00+0900,1,1,75.7,BOT,LOW,true,ALIVE,measured,,85.4,9.5,5.1
2026-09-10 06:05:00+0900,1,2,87.6,MID,NORMAL,false,ALIVE,measured,,86.2,11.1,2.7
2026-09-10 06:10:00+0900,1,1,82.4,BOT,NORMAL,false,ALIVE,measured,,86.1,10.7,3.2
2026-09-10 06:15:00+0900,1,2,83.9,BOT,NORMAL,false,ALIVE,measured,,74.4,11.9,13.7
2026-09-10 06:20:00+0900,1,1,69.8,BOT,LOW,true,ALIVE,measured,,90.5,7.4,2.1
2026-09-10 06:25:00+0900,1,2,74.5,BOT,LOW,true,ALIVE,measured,,53.9,42.8,3.3
2026-09-10 06:30:00+0900,1,1,78.4,BOT,NORMAL,false,ALIVE,measured,,77.4,19.3,3.3
2026-09-10 06:35:00+0900,1,2,94.0,MID,NORMAL,false,ALIVE,measured,,72.7,11.1,16.2
2026-09-10 06:40:00+0900,1,1,81.3,BOT,NORMAL,false,ALIVE,measured,,60.2,29.5,10.3
2026-09-10 06:45:00+0900,1,2,91.0,MID,NORMAL,false,ALIVE,measured,,50.8,37.1,12.1
2026-09-10 06:50:00+0900,1,1,88.5,MID,NORMAL,false,ALIVE,measured,,84.1,13.7,2.2
2026-09-10 06:55:00+0900,1,2,98.3,MID,NORMAL,false,ALIVE,measured,,83.6,7.2,9.2
2026-09-10 07:00:00+0900,1,1,103.4,MID,NORMAL,false,ALIVE,measured,,82.5,11.0,6.5
2026-09-10 07:05:00+0900,1,2,86.4,MID,NORMAL,false,ALIVE,measured,,75.0,10.7,14.3
2026-09-10 07:10:00+0900,1,1,87.3,MID,NORMAL,false,ALIVE,measured,,54.3,25.5,20.2
2026-09-10 07:15:00+0900,1,2,100.8,MID,NORMAL,false,ALIVE,measured,,74.0,16.3,9.7
2026-09-10 07:20:00+0900,1,1,96.7,MID,NORMAL,false,ALIVE,measured,,88.2,9.2,2.6
2026-09-10 07:25:00+0900,1,2,108.7,MID,NORMAL,false,ALIVE,measured,,74.8,12.7,12.5
2026-09-10 07:30:00+0900,1,1,98.3,MID,NORMAL,false,ALIVE,measured,,47.4,25.5,27.1
2026-09-10 07:35:00+0900,1,2,102.8,MID,NORMAL,false,ALIVE,measured,,85.5,8.0,6.5
2026-09-10 07:40:00+0900,1,1,99.0,MID,NORMAL,false,ALIVE,measured,,84.7,11.2,4.1
2026-09-10 07:45:00+0900,1,2,114.4,MID,NORMAL,false,ALIVE,measured,,77.2,16.5,6.3
2026-09-10 07:50:00+0900,1,1,110.3,MID,NORMAL,false,ALIVE,measured,,82.3,15.1,2.6
2026-09-10 07:55:00+0900,1,2,102.6,MID,NORMAL,false,ALIVE,measured,,91.0,7.0,2.0
2026-09-10 08:00:00+0900,1,1,120.4,TOP,HIGH,true,ALIVE,measured,,63.4,31.9,4.7
2026-09-10 08:05:00+0900,1,2,115.1,TOP,NORMAL,false,ALIVE,measured,,81.2,14.6,4.2
2026-09-10 08:10:00+0900,1,1,116.4,TOP,NORMAL,false,ALIVE,measured,,76.0,16.9,7.1
2026-09-10 08:15:00+0900,1,2,107.1,MID,NORMAL,true,ALIVE,measured,,39.8,37.4,22.8
2026-09-10 08:20:00+0900,1,1,111.1,MID,NORMAL,false,ALIVE,measured,,53.4,26.9,19.7
2026-09-10 08:25:00+0900,1,2,110.1,MID,NORMAL,false,ALIVE,measured,,54.1,27.5,18.4
2026-09-10 08:30:00+0900,1,1,107.0,MID,NORMAL,false,ALIVE,measured,,79.7,11.9,8.4
2026-09-10 08:35:00+0900,1,2,100.0,MID,NORMAL,false,ALIVE,measured,,86.9,7.6,5.5
2026-09-10 08:40:00+0900,1,1,110.0,MID,NORMAL,false,ALIVE,measured,,73.4,20.9,5.7
2026-09-10 08:45:00+0900,1,2,89.3,MID,NORMAL,false,ALIVE,measured,,78.8,7.5,13.7
2026-09-10 08:50:00+0900,1,1,98.1,MID,NORMAL,false,ALIVE,measured,,74.4,18.6,7.0
2026-09-10 08:55:00+0900,1,2,97.9,MID,NORMAL,false,ALIVE,measured,,88.0,9.3,2.7
2026-09-10 09:00:00+0900,1,1,104.3,MID,NORMAL,false,ALIVE,measured,,82.7,11.8,5.5
2026-09-10 09:05:00+0900,1,2,86.2,MID,NORMAL,false,ALIVE,measured,,74.0,10.6,15.4
2026-09-10 09:10:00+0900,1,1,90.0,MID,NORMAL,false,ALIVE,measured,,83.0,14.5,2.5
2026-09-10 09:15:00+0900,1,2,95.9,MID,NORMAL,false,ALIVE,measured,,81.6,14.6,3.8
2026-09-10 09:20:00+0900,1,1,89.9,MID,NORMAL,false,ALIVE,measured,,54.0,37.5,8.5
2026-09-10 09:25:00+0900,1,2,87.7,MID,NORMAL,false,ALIVE,measured,,89.6,8.0,2.4
2026-09-10 09:30:00+0900,1,1,105.6,MID,NORMAL,false,ALIVE,measured,,74.6,19.6,5.8
2026-09-10 09:35:00+0900,1,2,103.9,MID,NORMAL,false,ALIVE,measured,,79.5,8.2,12.3
2026-09-10 09:40:00+0900,1,1,87.8,MID,NORMAL,false,ALIVE,measured,,74.6,11.9,13.5
2026-09-10 09:45:00+0900,1,2,106.2,MID,NORMAL,false,ALIVE,measured,,83.7,9.1,7.2
2026-09-10 09:50:00+0900,1,1,99.2,MID,NORMAL,true,ALIVE,measured,,20.1,36.1,43.8
2026-09-10 09:55:00+0900,1,2,98.3,MID,NORMAL,false,ALIVE,measured,,80.7,11.7,7.6
2026-09-10 10:00:00+0900,1,1,100.3,MID,NORMAL,false,ALIVE,measured,,85.9,7.9,6.2
2026-09-10 10:05:00+0900,1,2,104.8,MID,NORMAL,false,ALIVE,measured,,47.9,27.3,24.8
2026-09-10 10:10:00+0900,1,1,101.3,MID,NORMAL,false,ALIVE,measured,,77.7,8.9,13.4
2026-09-10 10:15:00+0900,1,2,98.1,MID,NORMAL,false,ALIVE,measured,,82.8,11.2,6.0
2026-09-10 10:20:00+0900,1,1,95.6,MID,NORMAL,false,ALIVE,measured,,72.1,11.3,16.6
2026-09-10 10:25:00+0900,1,2,103.9,MID,NORMAL,false,ALIVE,measured,,50.1,26.1,23.8
2026-09-10 10:30:00+0900,1,1,108.2,MID,NORMAL,false,ALIVE,measured,,55.1,26.0,18.9
2026-09-10 10:35:00+0900,1,2,100.6,MID,NORMAL,false,ALIVE,measured,,82.2,14.2,3.6
2026-09-10 10:40:00+0900,1,1,100.4,MID,NORMAL,false,ALIVE,measured,,89.4,8.0,2.6
2026-09-10 10:45:00+0900,1,2,105.8,MID,NORMAL,false,ALIVE,measured,,74.1,10.3,15.6
2026-09-10 10:50:00+0900,1,1,107.1,MID,NORMAL,false,ALIVE,measured,,73.3,7.6,19.1
2026-09-10 10:55:00+0900,1,2,102.2,MID,NORMAL,false,ALIVE,measured,,89.2,8.7,2.1
2026-09-10 11:00:00+0900,1,1,92.3,MID,NORMAL,false,ALIVE,measured,,88.7,8.5,2.8
2026-09-10 11:05:00+0900,1,2,94.3,MID,NORMAL,false,ALIVE,measured,,47.9,25.5,26.6
2026-09-10 11:10:00+0900,1,1,99.9,MID,NORMAL,false,ALIVE,measured,,87.9,7.3,4.8
2026-09-10 11:15:00+0900,1,2,93.7,MID,NORMAL,false,ALIVE,measured,,74.0,12.2,13.8
2026-09-10 11:20:00+0900,1,1,104.0,MID,NORMAL,false,ALIVE,measured,,79.6,9.0,11.4
2026-09-10 11:25:00+0900,1,2,103.4,MID,NORMAL,false,ALIVE,measured,,88.0,7.3,4.7
2026-09-10 11:30:00+0900,1,1,98.0,MID,NORMAL,false,ALIVE,measured,,53.7,40.8,5.5
2026-09-10 11:35:00+0900,1,2,95.8,MID,NORMAL,false,ALIVE,measured,,56.0,30.3,13.7
2026-09-10 11:40:00+0900,1,1,94.3,MID,NORMAL,true,ALIVE,measured,,29.9,26.9,43.2
2026-09-10 11:45:00+0900,1,2,115.7,TOP,NORMAL,false,ALIVE,measured,,49.5,32.9,17.6
2026-09-10 11:50:00+0900,1,1,97.5,MID,NORMAL,true,ALIVE,measured,,36.1,29.3,34.6
2026-09-10 11:55:00+0900,1,2,113.3,MID,NORMAL,false,ALIVE,measured,,43.7,29.3,27.0
2026-09-10 12:00:00+0900,1,1,104.3,MID,NORMAL,false,ALIVE,measured,,47.7,25.4,26.9
2026-09-10 12:05:00+0900,1,2,107.8,MID,NORMAL,false,ALIVE,measured,,86.9,7.4,5.7
2026-09-10 12:10:00+0900,1,1,109.2,MID,NORMAL,false,ALIVE,measured,,86.0,10.6,3.4
2026-09-10 12:15:00+0900,1,2,99.7,MID,NORMAL,false,ALIVE,measured,,73.2,20.8,6.0
2026-09-10 12:20:00+0900,1,1,104.6,MID,NORMAL,false,ALIVE,measured,,72.7,12.3,15.0
2026-09-10 12:25:00+0900,1,2,91.2,MID,NORMAL,false,ALIVE,measured,,87.5,7.2,5.3
2026-09-10 12:30:00+0900,1,1,85.0,BOT,NORMAL,false,ALIVE,measured,,90.7,7.2,2.1
2026-09-10 12:35:00+0900,1,2,103.1,MID,NORMAL,false,ALIVE,measured,,62.5,29.5,8.0
2026-09-10 12:40:00+0900,1,1,96.5,MID,NORMAL,false,ALIVE,measured,,77.6,17.5,4.9
2026-09-10 12:45:00+0900,1,2,90.0,MID,NORMAL,false,ALIVE,measured,,85.5,10.0,4.5
2026-09-10 12:50:00+0900,1,1,106.4,MID,NORMAL,false,ALIVE,measured,,54.6,32.6,12.8
2026-09-10 12:55:00+0900,1,2,108.7,MID,NORMAL,false,ALIVE,measured,,89.3,8.5,2.2
2026-09-10 13:00:00+0900,1,1,94.4,MID,NORMAL,false,ALIVE,measured,,89.0,8.5,2.5
2026-09-10 13:05:00+0900,1,2,98.0,MID,NORMAL,false,ALIVE,measured,,84.7,13.1,2.2
2026-09-10 13:10:00+0900,1,1,94.2,MID,NORMAL,false,ALIVE,measured,,87.2,9.7,3.1
2026-09-10 13:15:00+0900,1,2,97.9,MID,NORMAL,true,ALIVE,measured,,31.8,30.9,37.3
2026-09-10 13:20:00+0900,1,1,97.3,MID,NORMAL,false,ALIVE,measured,,81.5,7.8,10.7
2026-09-10 13:25:00+0900,1,2,96.6,MID,NORMAL,false,ALIVE,measured,,54.3,41.6,4.1
2026-09-10 13:30:00+0900,1,1,98.4,MID,NORMAL,false,ALIVE,measured,,43.7,25.5,30.8
2026-09-10 13:35:00+0900,1,2,95.0,MID,NORMAL,false,ALIVE,measured,,89.6,7.6,2.8
2026-09-10 13:40:00+0900,1,1,105.0,MID,NORMAL,false,ALIVE,measured,,81.1,7.1,11.8
2026-09-10 13:45:00+0900,1,2,97.3,MID,NORMAL,false,ALIVE,measured,,52.3,38.0,9.7
2026-09-10 13:50:00+0900,1,1,97.4,MID,NORMAL,false,ALIVE,measured,,72.7,14.8,12.5
2026-09-10 13:55:00+0900,1,2,110.2,MID,NORMAL,false,ALIVE,measured,,77.2,7.7,15.1
2026-09-10 14:00:00+0900,1,1,88.4,MID,NORMAL,false,ALIVE,measured,,52.1,35.3,12.6
2026-09-10 14:05:00+0900,1,2,98.1,MID,NORMAL,false,ALIVE,measured,,89.2,7.4,3.4
2026-09-10 14:10:00+0900,1,1,100.1,MID,NORMAL,false,ALIVE,measured,,86.9,7.5,5.6
2026-09-10 14:15:00+0900,1,2,95.3,MID,NORMAL,false,ALIVE,measured,,57.3,35.5,7.2
2026-09-10 14:20:00+0900,1,1,97.3,MID,NORMAL,false,ALIVE,measured,,75.4,10.0,14.6
2026-09-10 14:25:00+0900,1,2,107.6,MID,NORMAL,false,ALIVE,measured,,87.2,9.1,3.7
2026-09-10 14:30:00+0900,1,1,101.9,MID,NORMAL,false,ALIVE,measured,,46.4,39.6,14.0
2026-09-10 14:35:00+0900,1,2,100.3,MID,NORMAL,false,ALIVE,measured,,79.2,11.3,9.5
2026-09-10 14:40:00+0900,1,1,106.2,MID,NORMAL,false,ALIVE,measured,,72.7,15.6,11.7
2026-09-10 14:45:00+0900,1,2,91.4,MID,NORMAL,false,ALIVE,measured,,87.9,9.5,2.6
2026-09-10 14:50:00+0900,1,1,96.8,MID,NORMAL,false,ALIVE,measured,,90.0,7.8,2.2
2026-09-10 14:55:00+0900,1,2,99.6,MID,NORMAL,false,ALIVE,measured,,88.1,8.1,3.8
2026-09-10 15:00:00+0900,1,1,86.3,MID,NORMAL,false,ALIVE,measured,,86.3,10.4,3.3
2026-09-10 15:05:00+0900,1,2,95.0,MID,NORMAL,false,ALIVE,measured,,89.5,8.2,2.3
2026-09-10 15:10:00+0900,1,1,97.1,MID,NORMAL,false,ALIVE,measured,,89.0,8.8,2.2
2026-09-10 15:15:00+0900,1,2,99.5,MID,NORMAL,false,ALIVE,measured,,46.9,37.2,15.9
2026-09-10 15:20:00+0900,1,1,90.4,MID,NORMAL,false,ALIVE,measured,,58.3,32.2,9.5
2026-09-10 15:25:00+0900,1,2,104.5,MID,NORMAL,false,ALIVE,measured,,73.5,10.9,15.6
2026-09-10 15:30:00+0900,1,1,100.3,MID,NORMAL,true,ALIVE,measured,,18.9,36.5,44.6
2026-09-10 15:35:00+0900,1,2,98.4,MID,NORMAL,false,ALIVE,measured,,79.8,9.3,10.9
2026-09-10 15:40:00+0900,1,1,106.3,MID,NORMAL,false,ALIVE,measured,,50.5,26.0,23.5
2026-09-10 15:45:00+0900,1,2,103.1,MID,NORMAL,false,ALIVE,measured,,79.8,10.0,10.2
2026-09-10 15:50:00+0900,1,1,100.7,MID,NORMAL,false,ALIVE,measured,,79.9,10.1,10.0
2026-09-10 15:55:00+0900,1,2,107.7,MID,NORMAL,false,ALIVE,measured,,79.6,7.6,12.8
2026-09-10 16:00:00+0900,1,1,111.6,MID,NORMAL,false,ALIVE,measured,,79.8,16.2,4.0
2026-09-10 16:05:00+0900,1,2,102.1,MID,NORMAL,false,ALIVE,measured,,75.5,11.8,12.7
2026-09-10 16:10:00+0900,1,1,104.1,MID,NORMAL,false,ALIVE,measured,,90.9,7.0,2.1
2026-09-10 16:15:00+0900,1,2,112.9,MID,NORMAL,false,ALIVE,measured,,79.2,16.0,4.8
2026-09-10 16:20:00+0900,1,1,103.3,MID,NORMAL,false,ALIVE,measured,,42.2,25.5,32.3
2026-09-10 16:25:00+0900,1,2,105.0,MID,NORMAL,false,ALIVE,measured,,45.7,40.9,13.4
2026-09-10 16:30:00+0900,1,1,101.5,MID,NORMAL,false,ALIVE,measured,,88.2,7.9,3.9
2026-09-10 16:35:00+0900,1,2,114.0,MID,NORMAL,false,ALIVE,measured,,77.0,11.4,11.6
2026-09-10 16:40:00+0900,1,1,104.4,MID,NORMAL,false,ALIVE,measured,,72.5,14.6,12.9
2026-09-10 16:45:00+0900,1,2,112.5,MID,NORMAL,false,ALIVE,measured,,81.1,13.7,5.2
2026-09-10 16:50:00+0900,1,1,109.4,MID,NORMAL,false,ALIVE,measured,,75.6,13.3,11.1
2026-09-10 16:55:00+0900,1,2,113.7,MID,NORMAL,false,ALIVE,measured,,75.0,10.1,14.9
2026-09-10 17:00:00+0900,1,1,121.9,TOP,HIGH,true,ALIVE,measured,,90.0,7.6,2.4
2026-09-10 17:05:00+0900,1,2,102.8,MID,NORMAL,false,ALIVE,measured,,78.8,13.4,7.8
2026-09-10 17:10:00+0900,1,1,102.7,MID,NORMAL,true,ALIVE,measured,,30.7,26.2,43.1
2026-09-10 17:15:00+0900,1,2,111.9,MID,NORMAL,false,ALIVE,measured,,75.7,10.3,14.0
2026-09-10 17:20:00+0900,1,1,109.5,MID,NORMAL,true,ALIVE,measured,,27.6,24.1,48.3
2026-09-10 17:25:00+0900,1,2,109.6,MID,NORMAL,false,ALIVE,measured,,76.9,8.5,14.6
2026-09-10 17:30:00+0900,1,1,126.4,TOP,HIGH,true,ALIVE,measured,,72.2,11.1,16.7
2026-09-10 17:35:00+0900,1,2,126.5,TOP,HIGH,true,ALIVE,measured,,74.2,15.2,10.6
2026-09-10 17:40:00+0900,1,1,123.0,TOP,HIGH,true,ALIVE,measured,,82.6,8.4,9.0
2026-09-10 17:45:00+0900,1,2,123.8,TOP,HIGH,true,ALIVE,measured,,35.3,28.1,36.6
2026-09-10 17:50:00+0900,1,1,130.8,TOP,HIGH,true,ALIVE,measured,,75.1,10.0,14.9
2026-09-10 17:55:00+0900,1,2,138.3,TOP,HIGH,true,ALIVE,measured,,76.1,20.5,3.4
2026-09-10 18:00:00+0900,1,1,112.9,MID,NORMAL,false,ALIVE,measured,,74.6,13.6,11.8
2026-09-10 18:05:00+0900,1,2,117.8,TOP,NORMAL,false,ALIVE,measured,,62.8,28.1,9.1
2026-09-10 18:10:00+0900,1,1,139.0,TOP,HIGH,true,ALIVE,measured,,79.7,18.2,2.1
2026-09-10 18:15:00+0900,1,2,131.3,TOP,HIGH,true,ALIVE,measured,,29.9,23.2,46.9
2026-09-10 18:20:00+0900,1,1,121.0,TOP,HIGH,true,ALIVE,measured,,78.8,7.3,13.9
2026-09-10 18:25:00+0900,1,2,117.4,TOP,NORMAL,false,ALIVE,measured,,78.6,7.1,14.3
2026-09-10 18:30:00+0900,1,1,111.7,MID,NORMAL,false,ALIVE,measured,,78.9,15.3,5.8
2026-09-10 18:35:00+0900,1,2,119.4,TOP,HIGH,true,ALIVE,measured,,45.7,25.7,28.6
2026-09-10 18:40:00+0900,1,1,129.0,TOP,HIGH,true,ALIVE,measured,,74.2,14.3,11.5
2026-09-10 18:45:00+0900,1,2,109.5,MID,NORMAL,true,ALIVE,measured,,21.7,26.5,51.8
2026-09-10 18:50:00+0900,1,1,117.5,TOP,NORMAL,false,ALIVE,measured,,85.7,11.0,3.3
2026-09-10 18:55:00+0900,1,2,116.0,TOP,NORMAL,false,ALIVE,measured,,56.0,26.9,17.1
2026-09-10 19:00:00+0900,1,1,110.8,MID,NORMAL,false,ALIVE,measured,,63.4,34.1,2.5
2026-09-10 19:05:00+0900,1,2,105.3,MID,NORMAL,false,ALIVE,measured,,81.9,15.3,2.8
2026-09-10 19:10:00+0900,1,1,122.1,TOP,HIGH,true,ALIVE,measured,,76.0,14.8,9.2
2026-09-10 19:15:00+0900,1,2,103.0,MID,NORMAL,false,ALIVE,measured,,82.3,9.4,8.3
2026-09-10 19:20:00+0900,1,1,107.1,MID,NORMAL,false,ALIVE,measured,,84.0,7.8,8.2
2026-09-10 19:25:00+0900,1,2,111.6,MID,NORMAL,false,ALIVE,measured,,58.9,28.3,12.8
2026-09-10 19:30:00+0900,1,1,122.3,TOP,HIGH,true,ALIVE,measured,,81.6,7.6,10.8
2026-09-10 19:35:00+0900,1,2,114.8,MID,NORMAL,false,ALIVE,measured,,89.6,7.8,2.6
2026-09-10 19:40:00+0900,1,1,114.9,MID,NORMAL,false,ALIVE,measured,,47.1,40.4,12.5
2026-09-10 19:45:00+0900,1,2,106.7,MID,NORMAL,false,ALIVE,measured,,50.7,35.3,14.0
2026-09-10 19:50:00+0900,1,1,109.1,MID,NORMAL,false,ALIVE,measured,,76.5,14.9,8.6
2026-09-10 19:55:00+0900,1,2,104.5,MID,NORMAL,false,ALIVE,measured,,85.5,9.2,5.3
2026-09-10 20:00:00+0900,1,1,114.7,MID,NORMAL,false,ALIVE,measured,,73.1,9.3,17.6
2026-09-10 20:05:00+0900,1,2,114.8,MID,NORMAL,false,ALIVE,measured,,80.6,16.5,2.9
2026-09-10 20:10:00+0900,1,1,108.8,MID,NORMAL,false,ALIVE,measured,,75.2,17.7,7.1
2026-09-10 20:15:00+0900,1,2,108.8,MID,NORMAL,false,ALIVE,measured,,89.1,8.3,2.6
2026-09-10 20:20:00+0900,1,1,95.4,MID,NORMAL,false,ALIVE,measured,,72.9,10.2,16.9
2026-09-10 20:25:00+0900,1,2,106.3,MID,NORMAL,false,ALIVE,measured,,73.2,13.1,13.7
2026-09-10 20:30:00+0900,1,1,108.4,MID,NORMAL,false,ALIVE,measured,,75.1,21.4,3.5
2026-09-10 20:35:00+0900,1,2,107.2,MID,NORMAL,false,ALIVE,measured,,81.6,14.7,3.7
2026-09-10 20:40:00+0900,1,1,104.4,MID,NORMAL,false,ALIVE,measured,,81.0,9.1,9.9
2026-09-10 20:45:00+0900,1,2,103.5,MID,NORMAL,false,ALIVE,measured,,73.5,12.5,14.0
2026-09-10 20:50:00+0900,1,1,107.2,MID,NORMAL,true,ALIVE,measured,,22.0,35.0,43.0
2026-09-10 20:55:00+0900,1,2,95.8,MID,NORMAL,false,ALIVE,measured,,89.3,7.9,2.8
2026-09-10 21:00:00+0900,2,1,98.6,MID,NORMAL,false,ALIVE,measured,,84.3,10.8,4.9
2026-09-10 21:05:00+0900,2,2,103.5,MID,NORMAL,false,ALIVE,measured,,77.8,7.1,15.1
2026-09-10 21:10:00+0900,2,1,94.0,MID,NORMAL,false,ALIVE,measured,,89.6,7.3,3.1
2026-09-10 21:15:00+0900,2,2,102.8,MID,NORMAL,false,ALIVE,measured,,86.3,9.9,3.8
2026-09-10 21:20:00+0900,2,1,107.9,MID,NORMAL,false,ALIVE,measured,,72.1,11.2,16.7
2026-09-10 21:25:00+0900,2,2,96.3,MID,NORMAL,false,ALIVE,measured,,89.6,7.2,3.2
2026-09-10 21:30:00+0900,2,1,97.8,MID,NORMAL,false,ALIVE,measured,,73.3,8.5,18.2
2026-09-10 21:35:00+0900,2,2,107.2,MID,NORMAL,false,ALIVE,measured,,55.3,39.9,4.8
2026-09-10 21:40:00+0900,2,1,103.7,MID,NORMAL,false,ALIVE,measured,,86.7,8.7,4.6
2026-09-10 21:45:00+0900,2,2,103.4,MID,NORMAL,false,ALIVE,measured,,86.6,8.6,4.8
2026-09-10 21:50:00+0900,2,1,102.0,MID,NORMAL,false,ALIVE,measured,,56.1,33.1,10.8
2026-09-10 21:55:00+0900,2,2,98.9,MID,NORMAL,false,ALIVE,measured,,48.1,40.9,11.0
2026-09-10 22:00:00+0900,2,1,107.8,MID,NORMAL,false,ALIVE,measured,,77.5,13.1,9.4
2026-09-10 22:05:00+0900,2,2,104.5,MID,NORMAL,false,ALIVE,measured,,58.7,28.7,12.6
2026-09-10 22:10:00+0900,2,1,106.5,MID,NORMAL,false,ALIVE,measured,,72.4,21.7,5.9
2026-09-10 22:15:00+0900,2,2,96.1,MID,NORMAL,false,ALIVE,measured,,84.1,9.3,6.6
2026-09-10 22:20:00+0900,2,1,98.4,MID,NORMAL,false,ALIVE,measured,,82.9,7.7,9.4
2026-09-10 22:25:00+0900,2,2,85.6,MID,NORMAL,false,ALIVE,measured,,90.4,7.0,2.6
2026-09-10 22:30:00+0900,2,1,79.8,BOT,NORMAL,false,ALIVE,measured,,75.1,7.4,17.5
2026-09-10 22:35:00+0900,2,2,94.6,MID,NORMAL,false,ALIVE,measured,,80.9,13.8,5.3
2026-09-10 22:40:00+0900,2,1,98.6,MID,NORMAL,true,ALIVE,measured,,18.0,27.4,54.6
2026-09-10 22:45:00+0900,2,2,97.3,MID,NORMAL,true,ALIVE,measured,,25.2,28.9,45.9
2026-09-10 22:50:00+0900,2,1,89.6,MID,NORMAL,false,ALIVE,measured,,77.0,17.0,6.0
2026-09-10 22:55:00+0900,2,2,91.6,MID,NORMAL,false,ALIVE,measured,,89.2,7.4,3.4
2026-09-10 23:00:00+0900,2,1,94.2,MID,NORMAL,false,ALIVE,measured,,78.4,16.8,4.8
2026-09-10 23:05:00+0900,2,2,98.2,MID,NORMAL,false,ALIVE,measured,,45.7,30.3,24.0
2026-09-10 23:10:00+0900,2,1,80.7,BOT,NORMAL,false,ALIVE,measured,,48.2,40.7,11.1
2026-09-10 23:15:00+0900,2,2,84.9,BOT,NORMAL,false,ALIVE,measured,,62.6,34.3,3.1
2026-09-10 23:20:00+0900,2,1,96.8,MID,NORMAL,false,ALIVE,measured,,62.9,33.4,3.7
2026-09-10 23:25:00+0900,2,2,84.2,BOT,NORMAL,true,ALIVE,measured,,18.7,27.8,53.5
2026-09-10 23:30:00+0900,2,1,85.4,MID,NORMAL,false,ALIVE,measured,,56.0,39.3,4.7
2026-09-10 23:35:00+0900,2,2,70.6,BOT,LOW,true,ALIVE,measured,,45.4,30.3,24.3
2026-09-10 23:40:00+0900,2,1,81.3,BOT,NORMAL,false,ALIVE,measured,,86.1,7.6,6.3
2026-09-10 23:45:00+0900,2,2,92.2,MID,NORMAL,false,ALIVE,measured,,74.9,19.9,5.2
2026-09-10 23:50:00+0900,2,1,84.7,BOT,NORMAL,false,ALIVE,measured,,51.2,30.4,18.4
2026-09-10 23:55:00+0900,2,2,80.2,BOT,NORMAL,false,ALIVE,measured,,75.2,21.1,3.7
2026-09-11 00:00:00+0900,2,1,84.8,BOT,NORMAL,false,ALIVE,measured,,76.3,18.5,5.2
2026-09-11 00:05:00+0900,2,2,88.6,MID,NORMAL,false,ALIVE,measured,,54.4,28.5,17.1
2026-09-11 00:10:00+0900,2,1,77.6,BOT,LOW,true,ALIVE,measured,,77.6,8.4,14.0
2026-09-11 00:15:00+0900,2,2,86.0,MID,NORMAL,false,ALIVE,measured,,78.3,13.1,8.6
2026-09-11 00:20:00+0900,2,1,78.6,BOT,NORMAL,false,ALIVE,measured,,50.6,28.3,21.1
2026-09-11 00:25:00+0900,2,2,74.8,BOT,LOW,true,ALIVE,measured,,51.9,42.2,5.9
2026-09-11 00:30:00+0900,2,1,79.9,BOT,NORMAL,false,ALIVE,measured,,87.1,10.3,2.6
2026-09-11 00:35:00+0900,2,2,81.4,BOT,NORMAL,false,ALIVE,measured,,73.3,7.1,19.6
2026-09-11 00:40:00+0900,2,1,76.1,BOT,LOW,true,ALIVE,measured,,76.8,8.1,15.1
2026-09-11 00:45:00+0900,2,2,70.6,BOT,LOW,true,ALIVE,measured,,62.9,27.5,9.6
2026-09-11 00:50:00+0900,2,1,66.9,BOT,LOW,true,ALIVE,measured,,54.4,33.8,11.8
2026-09-11 00:55:00+0900,2,2,68.4,BOT,LOW,true,ALIVE,measured,,19.0,30.2,50.8
2026-09-11 01:00:00+0900,2,1,71.6,BOT,LOW,true,ALIVE,measured,,73.2,15.4,11.4
2026-09-11 01:05:00+0900,2,2,64.7,BOT,LOW,true,ALIVE,measured,,80.5,12.4,7.1
2026-09-11 01:10:00+0900,2,1,78.0,BOT,NORMAL,false,ALIVE,measured,,83.5,14.4,2.1
2026-09-11 01:15:00+0900,2,2,80.7,BOT,NORMAL,false,ALIVE,measured,,83.8,10.6,5.6
2026-09-11 01:20:00+0900,2,1,70.9,BOT,LOW,true,ALIVE,measured,,48.1,30.1,21.8
2026-09-11 01:25:00+0900,2,2,63.3,BOT,LOW,true,ALIVE,measured,,80.3,15.1,4.6
2026-09-11 01:30:00+0900,2,1,75.8,BOT,LOW,true,ALIVE,measured,,73.3,7.1,19.6
2026-09-11 01:35:00+0900,2,2,64.8,BOT,LOW,true,ALIVE,measured,,72.6,12.2,15.2
2026-09-11 01:40:00+0900,2,1,60.4,BOT,LOW,true,ALIVE,measured,,87.0,7.8,5.2
2026-09-11 01:45:00+0900,2,2,70.1,BOT,LOW,true,ALIVE,measured,,79.0,18.4,2.6
2026-09-11 01:50:00+0900,2,1,60.6,BOT,LOW,true,ALIVE,measured,,87.4,8.3,4.3
2026-09-11 01:55:00+0900,2,2,76.3,BOT,LOW,true,ALIVE,measured,,73.3,12.0,14.7
2026-09-11 02:00:00+0900,2,1,72.2,BOT,LOW,true,ALIVE,measured,,75.3,19.2,5.5
2026-09-11 02:05:00+0900,2,2,73.9,BOT,LOW,true,ALIVE,measured,,75.6,21.5,2.9
2026-09-11 02:10:00+0900,2,1,72.1,BOT,LOW,true,ALIVE,measured,,85.6,7.2,7.2
2026-09-11 02:15:00+0900,2,2,63.2,BOT,LOW,true,ALIVE,measured,,85.1,7.9,7.0
2026-09-11 02:20:00+0900,2,1,66.2,BOT,LOW,true,ALIVE,measured,,81.1,13.6,5.3
2026-09-11 02:25:00+0900,2,2,80.1,BOT,NORMAL,false,ALIVE,measured,,90.1,7.6,2.3
2026-09-11 02:30:00+0900,2,1,67.6,BOT,LOW,true,ALIVE,measured,,59.4,27.0,13.6
2026-09-11 02:35:00+0900,2,2,62.8,BOT,LOW,true,ALIVE,measured,,77.8,13.5,8.7
2026-09-11 02:40:00+0900,2,1,72.6,BOT,LOW,true,ALIVE,measured,,61.8,36.2,2.0
2026-09-11 02:45:00+0900,2,2,85.2,MID,NORMAL,true,ALIVE,measured,,34.8,29.1,36.1
2026-09-11 02:50:00+0900,2,1,62.5,BOT,LOW,true,ALIVE,measured,,79.6,16.5,3.9
2026-09-11 02:55:00+0900,2,2,55.0,BOT,LOW,true,ALIVE,measured,,84.9,9.6,5.5
2026-09-11 03:00:00+0900,2,1,68.1,BOT,LOW,true,ALIVE,measured,,57.5,36.4,6.1
2026-09-11 03:05:00+0900,2,2,60.1,BOT,LOW,true,ALIVE,measured,,29.2,37.5,33.3
2026-09-11 03:10:00+0900,2,1,62.2,BOT,LOW,true,ALIVE,measured,,52.6,35.0,12.4
2026-09-11 03:15:00+0900,2,2,55.0,BOT,LOW,true,ALIVE,measured,,90.3,7.2,2.5
2026-09-11 03:20:00+0900,2,1,65.9,BOT,LOW,true,ALIVE,measured,,78.4,14.6,7.0
2026-09-11 03:25:00+0900,2,2,71.1,BOT,LOW,true,ALIVE,measured,,90.6,7.2,2.2
2026-09-11 03:30:00+0900,2,1,69.7,BOT,LOW,true,ALIVE,measured,,81.4,8.6,10.0
2026-09-11 03:35:00+0900,2,2,85.5,MID,NORMAL,false,ALIVE,measured,,86.0,10.5,3.5
2026-09-11 03:40:00+0900,2,1,63.9,BOT,LOW,true,ALIVE,measured,,89.9,7.1,3.0
2026-09-11 03:45:00+0900,2,2,77.4,BOT,LOW,true,ALIVE,measured,,75.1,20.1,4.8
2026-09-11 03:50:00+0900,2,1,63.3,BOT,LOW,true,ALIVE,measured,,46.6,30.8,22.6
2026-09-11 03:55:00+0900,2,2,65.6,BOT,LOW,true,ALIVE,measured,,44.8,39.5,15.7
2026-09-11 04:00:00+0900,2,1,65.8,BOT,LOW,true,ALIVE,measured,,85.4,8.0,6.6
2026-09-11 04:05:00+0900,2,2,63.2,BOT,LOW,true,ALIVE,measured,,88.0,7.7,4.3
2026-09-11 04:10:00+0900,2,1,71.2,BOT,LOW,true,ALIVE,measured,,63.3,27.4,9.3
2026-09-11 04:15:00+0900,2,2,68.6,BOT,LOW,true,ALIVE,measured,,86.6,8.7,4.7
2026-09-11 04:20:00+0900,2,1,65.4,BOT,LOW,true,ALIVE,measured,,84.7,8.3,7.0
2026-09-11 04:25:00+0900,2,2,67.4,BOT,LOW,true,ALIVE,measured,,80.9,14.3,4.8
2026-09-11 04:30:00+0900,2,1,55.8,BOT,LOW,true,ALIVE,measured,,72.4,10.0,17.6
2026-09-11 04:35:00+0900,2,2,64.4,BOT,LOW,true,ALIVE,measured,,82.7,15.0,2.3
2026-09-11 04:40:00+0900,2,1,63.7,BOT,LOW,true,ALIVE,measured,,81.8,15.3,2.9
2026-09-11 04:45:00+0900,2,2,65.5,BOT,LOW,true,ALIVE,measured,,73.2,8.7,18.1
2026-09-11 04:50:00+0900,2,1,69.2,BOT,LOW,true,ALIVE,measured,,80.5,10.6,8.9
2026-09-11 04:55:00+0900,2,2,56.0,BOT,LOW,true,ALIVE,measured,,77.1,20.9,2.0
2026-09-11 05:00:00+0900,2,1,75.0,BOT,LOW,true,ALIVE,measured,,77.5,9.9,12.6
2026-09-11 05:05:00+0900,2,2,76.3,BOT,LOW,true,ALIVE,measured,,45.7,39.6,14.7
2026-09-11 05:10:00+0900,2,1,70.1,BOT,LOW,true,ALIVE,measured,,53.8,28.0,18.2
2026-09-11 05:15:00+0900,2,2,59.0,BOT,LOW,true,ALIVE,measured,,35.7,31.3,33.0
2026-09-11 05:20:00+0900,2,1,68.9,BOT,LOW,true,ALIVE,measured,,83.9,10.8,5.3
2026-09-11 05:25:00+0900,2,2,75.2,BOT,LOW,true,ALIVE,measured,,89.1,8.4,2.5
2026-09-11 05:30:00+0900,2,1,61.8,BOT,LOW,true,ALIVE,measured,,74.4,15.4,10.2
2026-09-11 05:35:00+0900,2,2,76.3,BOT,LOW,true,ALIVE,measured,,76.5,16.6,6.9
2026-09-11 05:40:00+0900,2,1,75.5,BOT,LOW,true,ALIVE,measured,,79.3,15.2,5.5
2026-09-11 05:45:00+0900,2,2,81.7,BOT,NORMAL,false,ALIVE,measured,,86.8,7.0,6.2
2026-09-11 05:50:00+0900,2,1,69.7,BOT,LOW,true,ALIVE,measured,,87.3,10.5,2.2
2026-09-11 05:55:00+0900,2,2,80.2,BOT,NORMAL,false,ALIVE,measured,,60.8,37.1,2.1
2026-09-11 06:00:00+0900,2,1,75.2,BOT,LOW,true,ALIVE,measured,,86.0,11.9,2.1
2026-09-11 06:05:00+0900,2,2,78.1,BOT,NORMAL,false,ALIVE,measured,,88.0,8.4,3.6
2026-09-11 06:10:00+0900,2,1,84.2,BOT,NORMAL,false,ALIVE,measured,,83.6,14.1,2.3
2026-09-11 06:15:00+0900,2,2,75.4,BOT,LOW,true,ALIVE,measured,,75.3,12.0,12.7
2026-09-11 06:20:00+0900,2,1,80.3,BOT,NORMAL,false,ALIVE,measured,,89.3,8.2,2.5
2026-09-11 06:25:00+0900,2,2,80.5,BOT,NORMAL,false,ALIVE,measured,,78.0,10.8,11.2
2026-09-11 06:30:00+0900,2,1,82.0,BOT,NORMAL,false,ALIVE,measured,,52.3,30.2,17.5
2026-09-11 06:35:00+0900,2,2,83.8,BOT,NORMAL,false,ALIVE,measured,,57.3,37.7,5.0
2026-09-11 06:40:00+0900,2,1,76.2,BOT,LOW,true,ALIVE,measured,,49.7,30.1,20.2
2026-09-11 06:45:00+0900,2,2,79.7,BOT,NORMAL,false,ALIVE,measured,,82.1,9.1,8.8
2026-09-11 06:50:00+0900,2,1,82.6,BOT,NORMAL,true,ALIVE,measured,,33.2,26.0,40.8
2026-09-11 06:55:00+0900,2,2,65.8,BOT,LOW,true,ALIVE,measured,,86.0,8.3,5.7
2026-09-11 07:00:00+0900,2,1,93.0,MID,NORMAL,false,ALIVE,measured,,88.0,9.1,2.9
2026-09-11 07:05:00+0900,2,2,75.0,BOT,LOW,true,ALIVE,measured,,78.9,18.7,2.4
2026-09-11 07:10:00+0900,2,1,80.9,BOT,NORMAL,false,ALIVE,measured,,76.0,11.5,12.5
2026-09-11 07:15:00+0900,2,2,101.5,MID,NORMAL,false,ALIVE,measured,,80.6,10.5,8.9
2026-09-11 07:20:00+0900,2,1,85.0,BOT,NORMAL,false,ALIVE,measured,,63.1,25.2,11.7
2026-09-11 07:25:00+0900,2,2,105.1,MID,NORMAL,false,ALIVE,measured,,79.9,10.8,9.3
2026-09-11 07:30:00+0900,2,1,97.7,MID,NORMAL,false,ALIVE,measured,,80.9,10.0,9.1
2026-09-11 07:35:00+0900,2,2,94.7,MID,NORMAL,false,ALIVE,measured,,80.3,17.4,2.3
2026-09-11 07:40:00+0900,2,1,101.3,MID,NORMAL,false,ALIVE,measured,,75.5,15.8,8.7
2026-09-11 07:45:00+0900,2,2,110.8,MID,NORMAL,false,ALIVE,measured,,81.3,10.5,8.2
2026-09-11 07:50:00+0900,2,1,103.0,MID,NORMAL,false,ALIVE,measured,,72.0,18.1,9.9
2026-09-11 07:55:00+0900,2,2,102.2,MID,NORMAL,false,ALIVE,measured,,53.8,30.4,15.8
2026-09-11 08:00:00+0900,2,1,122.0,TOP,HIGH,true,ALIVE,measured,,85.9,10.3,3.8
2026-09-11 08:05:00+0900,2,2,104.2,MID,NORMAL,false,ALIVE,measured,,72.1,14.6,13.3
2026-09-11 08:10:00+0900,2,1,115.1,TOP,NORMAL,false,ALIVE,measured,,73.6,14.7,11.7
2026-09-11 08:15:00+0900,2,2,100.2,MID,NORMAL,false,ALIVE,measured,,75.0,13.6,11.4
2026-09-11 08:20:00+0900,2,1,116.5,TOP,NORMAL,false,ALIVE,measured,,87.8,8.0,4.2
2026-09-11 08:25:00+0900,2,2,111.8,MID,NORMAL,false,ALIVE,measured,,63.2,27.8,9.0
2026-09-11 08:30:00+0900,2,1,113.4,MID,NORMAL,false,ALIVE,measured,,86.5,7.6,5.9
2026-09-11 08:35:00+0900,2,2,119.1,TOP,HIGH,true,ALIVE,measured,,56.5,39.7,3.8
2026-09-11 08:40:00+0900,2,1,117.4,TOP,NORMAL,false,ALIVE,measured,,80.6,13.4,6.0
2026-09-11 08:45:00+0900,2,2,96.7,MID,NORMAL,false,ALIVE,measured,,88.6,7.9,3.5
2026-09-11 08:50:00+0900,2,1,87.0,MID,NORMAL,true,ALIVE,measured,,31.0,28.5,40.5
2026-09-11 08:55:00+0900,2,2,105.2,MID,NORMAL,false,ALIVE,measured,,76.5,7.6,15.9
2026-09-11 09:00:00+0900,2,1,102.5,MID,NORMAL,false,ALIVE,measured,,78.0,19.9,2.1
2026-09-11 09:05:00+0900,2,2,100.8,MID,NORMAL,false,ALIVE,measured,,90.8,7.0,2.2
2026-09-11 09:10:00+0900,2,1,107.1,MID,NORMAL,false,ALIVE,measured,,47.7,30.4,21.9
2026-09-11 09:15:00+0900,2,2,103.1,MID,NORMAL,false,ALIVE,measured,,58.3,33.0,8.7
2026-09-11 09:20:00+0900,2,1,97.9,MID,NORMAL,false,ALIVE,measured,,63.2,29.1,7.7
2026-09-11 09:25:00+0900,2,2,106.7,MID,NORMAL,false,ALIVE,measured,,62.6,25.7,11.7
2026-09-11 09:30:00+0900,2,1,97.4,MID,NORMAL,false,ALIVE,measured,,83.1,9.3,7.6
2026-09-11 09:35:00+0900,2,2,88.8,MID,NORMAL,false,ALIVE,measured,,90.3,7.5,2.2
2026-09-11 09:40:00+0900,2,1,100.9,MID,NORMAL,false,ALIVE,measured,,90.5,7.1,2.4
2026-09-11 09:45:00+0900,2,2,104.8,MID,NORMAL,false,ALIVE,measured,,60.6,30.6,8.8
2026-09-11 09:50:00+0900,2,1,98.0,MID,NORMAL,false,ALIVE,measured,,72.8,15.9,11.3
2026-09-11 09:55:00+0900,2,2,101.9,MID,NORMAL,false,ALIVE,measured,,79.4,14.2,6.4
2026-09-11 10:00:00+0900,2,1,98.8,MID,NORMAL,false,ALIVE,measured,,60.4,36.0,3.6
2026-09-11 10:05:00+0900,2,2,98.2,MID,NORMAL,false,ALIVE,measured,,49.6,41.7,8.7
2026-09-11 10:10:00+0900,2,1,101.7,MID,NORMAL,false,ALIVE,measured,,89.1,8.8,2.1
2026-09-11 10:15:00+0900,2,2,90.2,MID,NORMAL,false,ALIVE,measured,,48.4,34.8,16.8
2026-09-11 10:20:00+0900,2,1,100.2,MID,NORMAL,false,ALIVE,measured,,55.0,28.9,16.1
2026-09-11 10:25:00+0900,2,2,99.2,MID,NORMAL,false,ALIVE,measured,,74.5,7.4,18.1
2026-09-11 10:30:00+0900,2,1,100.7,MID,NORMAL,false,ALIVE,measured,,78.0,13.7,8.3
2026-09-11 10:35:00+0900,2,2,91.7,MID,NORMAL,false,ALIVE,measured,,73.3,20.9,5.8
2026-09-11 10:40:00+0900,2,1,91.3,MID,NORMAL,false,ALIVE,measured,,62.5,31.7,5.8
2026-09-11 10:45:00+0900,2,2,92.4,MID,NORMAL,false,ALIVE,measured,,82.1,7.8,10.1
2026-09-11 10:50:00+0900,2,1,89.3,MID,NORMAL,false,ALIVE,measured,,83.3,8.0,8.7
2026-09-11 10:55:00+0900,2,2,105.4,MID,NORMAL,false,ALIVE,measured,,89.9,7.7,2.4
2026-09-11 11:00:00+0900,2,1,98.0,MID,NORMAL,false,ALIVE,measured,,78.0,11.2,10.8
2026-09-11 11:05:00+0900,2,2,108.6,MID,NORMAL,false,ALIVE,measured,,83.0,11.5,5.5
2026-09-11 11:10:00+0900,2,1,113.0,MID,NORMAL,false,ALIVE,measured,,84.8,8.2,7.0
2026-09-11 11:15:00+0900,2,2,103.2,MID,NORMAL,false,ALIVE,measured,,54.6,31.0,14.4
2026-09-11 11:20:00+0900,2,1,91.2,MID,NORMAL,false,ALIVE,measured,,76.7,21.1,2.2
2026-09-11 11:25:00+0900,2,2,81.3,BOT,NORMAL,false,ALIVE,measured,,79.1,18.7,2.2
2026-09-11 11:30:00+0900,2,1,117.0,TOP,NORMAL,false,ALIVE,measured,,76.3,17.6,6.1
2026-09-11 11:35:00+0900,2,2,98.3,MID,NORMAL,false,ALIVE,measured,,58.4,34.8,6.8
2026-09-11 11:40:00+0900,2,1,111.0,MID,NORMAL,false,ALIVE,measured,,72.9,18.6,8.5
2026-09-11 11:45:00+0900,2,2,94.8,MID,NORMAL,true,ALIVE,measured,,33.7,33.2,33.1
2026-09-11 11:50:00+0900,2,1,102.3,MID,NORMAL,false,ALIVE,measured,,55.1,33.6,11.3
2026-09-11 11:55:00+0900,2,2,115.6,TOP,NORMAL,false,ALIVE,measured,,89.2,8.2,2.6
2026-09-11 12:00:00+0900,2,1,107.2,MID,NORMAL,false,ALIVE,measured,,90.6,7.2,2.2
2026-09-11 12:05:00+0900,2,2,104.1,MID,NORMAL,false,ALIVE,measured,,86.5,8.1,5.4
2026-09-11 12:10:00+0900,2,1,91.7,MID,NORMAL,false,ALIVE,measured,,73.2,17.0,9.8
2026-09-11 12:15:00+0900,2,2,95.9,MID,NORMAL,false,ALIVE,measured,,87.8,7.7,4.5
2026-09-11 12:20:00+0900,2,1,92.9,MID,NORMAL,false,ALIVE,measured,,50.6,26.6,22.8
2026-09-11 12:25:00+0900,2,2,95.5,MID,NORMAL,false,ALIVE,measured,,90.0,7.7,2.3
2026-09-11 12:30:00+0900,2,1,104.5,MID,NORMAL,false,ALIVE,measured,,84.0,13.0,3.0
2026-09-11 12:35:00+0900,2,2,87.6,MID,NORMAL,false,ALIVE,measured,,74.6,7.4,18.0
2026-09-11 12:40:00+0900,2,1,98.9,MID,NORMAL,false,ALIVE,measured,,47.6,33.1,19.3
2026-09-11 12:45:00+0900,2,2,93.7,MID,NORMAL,false,ALIVE,measured,,82.1,9.7,8.2
2026-09-11 12:50:00+0900,2,1,80.5,BOT,NORMAL,false,ALIVE,measured,,55.5,40.9,3.6
2026-09-11 12:55:00+0900,2,2,97.0,MID,NORMAL,false,ALIVE,measured,,87.5,8.1,4.4
2026-09-11 13:00:00+0900,2,1,92.7,MID,NORMAL,false,ALIVE,measured,,82.6,9.0,8.4
2026-09-11 13:05:00+0900,2,2,91.1,MID,NORMAL,false,ALIVE,measured,,90.6,7.1,2.3
2026-09-11 13:10:00+0900,2,1,101.8,MID,NORMAL,false,ALIVE,measured,,56.5,34.1,9.4
2026-09-11 13:15:00+0900,2,2,105.6,MID,NORMAL,false,ALIVE,measured,,84.8,10.2,5.0
2026-09-11 13:20:00+0900,2,1,99.1,MID,NORMAL,false,ALIVE,measured,,83.6,10.6,5.8
2026-09-11 13:25:00+0900,2,2,95.0,MID,NORMAL,false,ALIVE,measured,,75.2,14.0,10.8
2026-09-11 13:30:00+0900,2,1,112.1,MID,NORMAL,false,ALIVE,measured,,75.2,21.5,3.3
2026-09-11 13:35:00+0900,2,2,98.2,MID,NORMAL,false,ALIVE,measured,,76.4,20.9,2.7
2026-09-11 13:40:00+0900,2,1,99.1,MID,NORMAL,false,ALIVE,measured,,85.7,11.9,2.4
2026-09-11 13:45:00+0900,2,2,108.3,MID,NORMAL,false,ALIVE,measured,,74.0,11.1,14.9
2026-09-11 13:50:00+0900,2,1,106.3,MID,NORMAL,false,ALIVE,measured,,56.0,36.1,7.9
2026-09-11 13:55:00+0900,2,2,103.7,MID,NORMAL,false,ALIVE,measured,,80.6,7.7,11.7
2026-09-11 14:00:00+0900,2,1,95.5,MID,NORMAL,false,ALIVE,measured,,86.9,10.7,2.4
2026-09-11 14:05:00+0900,2,2,105.6,MID,NORMAL,false,ALIVE,measured,,51.6,36.8,11.6
2026-09-11 14:10:00+0900,2,1,100.1,MID,NORMAL,false,ALIVE,measured,,80.0,8.9,11.1
2026-09-11 14:15:00+0900,2,2,97.4,MID,NORMAL,false,ALIVE,measured,,78.7,7.5,13.8
2026-09-11 14:20:00+0900,2,1,97.8,MID,NORMAL,false,ALIVE,measured,,88.7,9.1,2.2
2026-09-11 14:25:00+0900,2,2,92.0,MID,NORMAL,false,ALIVE,measured,,83.0,12.9,4.1
2026-09-11 14:30:00+0900,2,1,109.0,MID,NORMAL,false,ALIVE,measured,,63.1,33.6,3.3
2026-09-11 14:35:00+0900,2,2,105.4,MID,NORMAL,false,ALIVE,measured,,86.9,9.6,3.5
2026-09-11 14:40:00+0900,2,1,90.2,MID,NORMAL,false,ALIVE,measured,,87.0,9.4,3.6
2026-09-11 14:45:00+0900,2,2,107.6,MID,NORMAL,false,ALIVE,measured,,74.6,19.9,5.5
2026-09-11 14:50:00+0900,2,1,102.5,MID,NORMAL,false,ALIVE,measured,,85.5,10.8,3.7
2026-09-11 14:55:00+0900,2,2,104.7,MID,NORMAL,false,ALIVE,measured,,77.4,11.3,11.3
2026-09-11 15:00:00+0900,2,1,106.0,MID,NORMAL,false,ALIVE,measured,,75.1,7.7,17.2
2026-09-11 15:05:00+0900,2,2,115.1,TOP,NORMAL,false,ALIVE,measured,,43.5,29.5,27.0
2026-09-11 15:10:00+0900,2,1,100.3,MID,NORMAL,false,ALIVE,measured,,42.4,27.9,29.7
2026-09-11 15:15:00+0900,2,2,113.0,MID,NORMAL,false,ALIVE,measured,,87.8,9.4,2.8
2026-09-11 15:20:00+0900,2,1,92.4,MID,NORMAL,false,ALIVE,measured,,52.9,37.2,9.9
2026-09-11 15:25:00+0900,2,2,96.9,MID,NORMAL,false,ALIVE,measured,,89.1,8.1,2.8
2026-09-11 15:30:00+0900,2,1,90.8,MID,NORMAL,false,ALIVE,measured,,82.7,14.0,3.3
2026-09-11 15:35:00+0900,2,2,87.4,MID,NORMAL,false,ALIVE,measured,,77.6,16.7,5.7
2026-09-11 15:40:00+0900,2,1,103.0,MID,NORMAL,false,ALIVE,measured,,75.8,16.5,7.7
2026-09-11 15:45:00+0900,2,2,113.3,MID,NORMAL,false,ALIVE,measured,,88.4,8.7,2.9
2026-09-11 15:50:00+0900,2,1,99.9,MID,NORMAL,false,ALIVE,measured,,61.2,28.9,9.9
2026-09-11 15:55:00+0900,2,2,104.2,MID,NORMAL,false,ALIVE,measured,,89.9,7.1,3.0
2026-09-11 16:00:00+0900,2,1,104.8,MID,NORMAL,false,ALIVE,measured,,81.0,14.8,4.2
2026-09-11 16:05:00+0900,2,2,97.3,MID,NORMAL,false,ALIVE,measured,,88.3,9.6,2.1
2026-09-11 16:10:00+0900,2,1,99.7,MID,NORMAL,false,ALIVE,measured,,51.5,36.8,11.7
2026-09-11 16:15:00+0900,2,2,88.9,MID,NORMAL,false,ALIVE,measured,,81.1,11.6,7.3
2026-09-11 16:20:00+0900,2,1,102.0,MID,NORMAL,false,ALIVE,measured,,77.3,12.3,10.4
2026-09-11 16:25:00+0900,2,2,102.7,MID,NORMAL,true,ALIVE,measured,,29.4,34.5,36.1
2026-09-11 16:30:00+0900,2,1,99.5,MID,NORMAL,false,ALIVE,measured,,78.9,7.5,13.6
2026-09-11 16:35:00+0900,2,2,100.5,MID,NORMAL,false,ALIVE,measured,,90.7,7.1,2.2
2026-09-11 16:40:00+0900,2,1,101.5,MID,NORMAL,false,ALIVE,measured,,75.8,8.1,16.1
2026-09-11 16:45:00+0900,2,2,108.8,MID,NORMAL,false,ALIVE,measured,,81.7,15.0,3.3
2026-09-11 16:50:00+0900,2,1,114.5,MID,NORMAL,false,ALIVE,measured,,77.3,18.2,4.5
2026-09-11 16:55:00+0900,2,2,100.0,MID,NORMAL,false,ALIVE,measured,,87.6,8.5,3.9
2026-09-11 17:00:00+0900,2,1,109.5,MID,NORMAL,false,ALIVE,measured,,62.9,29.3,7.8
2026-09-11 17:05:00+0900,2,2,91.6,MID,NORMAL,false,ALIVE,measured,,75.8,11.0,13.2
2026-09-11 17:10:00+0900,2,1,99.3,MID,NORMAL,false,ALIVE,measured,,80.6,15.1,4.3
2026-09-11 17:15:00+0900,2,2,108.4,MID,NORMAL,false,ALIVE,measured,,44.7,36.9,18.4
2026-09-11 17:20:00+0900,2,1,112.8,MID,NORMAL,false,ALIVE,measured,,62.5,33.7,3.8
2026-09-11 17:25:00+0900,2,2,116.1,TOP,NORMAL,false,ALIVE,measured,,53.1,34.1,12.8
2026-09-11 17:30:00+0900,2,1,125.7,TOP,HIGH,true,ALIVE,measured,,74.4,10.3,15.3
2026-09-11 17:35:00+0900,2,2,121.6,TOP,HIGH,true,ALIVE,measured,,76.9,14.8,8.3
2026-09-11 17:40:00+0900,2,1,134.1,TOP,HIGH,true,ALIVE,measured,,76.1,10.1,13.8
2026-09-11 17:45:00+0900,2,2,118.4,TOP,HIGH,true,ALIVE,measured,,48.2,26.1,25.7
2026-09-11 17:50:00+0900,2,1,115.3,TOP,NORMAL,false,ALIVE,measured,,50.5,42.2,7.3
2026-09-11 17:55:00+0900,2,2,130.2,TOP,HIGH,true,ALIVE,measured,,21.7,33.9,44.4
2026-09-11 18:00:00+0900,2,1,144.0,TOP,HIGH,true,ALIVE,measured,,75.2,16.0,8.8
2026-09-11 18:05:00+0900,2,2,129.6,TOP,HIGH,true,ALIVE,measured,,55.3,25.2,19.5
2026-09-11 18:10:00+0900,2,1,131.0,TOP,HIGH,true,ALIVE,measured,,43.3,30.5,26.2
2026-09-11 18:15:00+0900,2,2,120.9,TOP,HIGH,true,ALIVE,measured,,50.3,34.3,15.4
2026-09-11 18:20:00+0900,2,1,130.6,TOP,HIGH,true,ALIVE,measured,,76.1,14.6,9.3
2026-09-11 18:25:00+0900,2,2,116.5,TOP,NORMAL,false,ALIVE,measured,,85.2,8.3,6.5
2026-09-11 18:30:00+0900,2,1,123.2,TOP,HIGH,true,ALIVE,measured,,84.4,9.5,6.1
2026-09-11 18:35:00+0900,2,2,125.4,TOP,HIGH,true,ALIVE,measured,,61.3,29.7,9.0
2026-09-11 18:40:00+0900,2,1,121.0,TOP,HIGH,true,ALIVE,measured,,78.1,11.4,10.5
2026-09-11 18:45:00+0900,2,2,106.5,MID,NORMAL,false,ALIVE,measured,,89.4,7.3,3.3
2026-09-11 18:50:00+0900,2,1,109.8,MID,NORMAL,false,ALIVE,measured,,79.1,15.6,5.3
2026-09-11 18:55:00+0900,2,2,120.0,TOP,HIGH,true,ALIVE,measured,,49.7,42.1,8.2
2026-09-11 19:00:00+0900,2,1,107.8,MID,NORMAL,false,ALIVE,measured,,77.7,19.9,2.4
2026-09-11 19:05:00+0900,2,2,111.2,MID,NORMAL,false,ALIVE,measured,,90.4,7.3,2.3
2026-09-11 19:10:00+0900,2,1,108.3,MID,NORMAL,false,ALIVE,measured,,80.6,7.2,12.2
2026-09-11 19:15:00+0900,2,2,106.0,MID,NORMAL,false,ALIVE,measured,,85.3,7.0,7.7
2026-09-11 19:20:00+0900,2,1,100.5,MID,NORMAL,false,ALIVE,measured,,86.5,9.3,4.2
2026-09-11 19:25:00+0900,2,2,122.2,TOP,HIGH,true,ALIVE,measured,,83.8,13.0,3.2
2026-09-11 19:30:00+0900,2,1,103.2,MID,NORMAL,false,ALIVE,measured,,75.2,20.6,4.2
2026-09-11 19:35:00+0900,2,2,92.5,MID,NORMAL,false,ALIVE,measured,,78.0,12.7,9.3
2026-09-11 19:40:00+0900,2,1,113.7,MID,NORMAL,false,ALIVE,measured,,84.0,7.0,9.0
2026-09-11 19:45:00+0900,2,2,103.4,MID,NORMAL,false,ALIVE,measured,,81.7,7.5,10.8
2026-09-11 19:50:00+0900,2,1,108.7,MID,NORMAL,false,ALIVE,measured,,59.1,25.4,15.5
2026-09-11 19:55:00+0900,2,2,114.5,MID,NORMAL,true,ALIVE,measured,,27.8,37.3,34.9
2026-09-11 20:00:00+0900,2,1,100.3,MID,NORMAL,false,ALIVE,measured,,80.4,11.3,8.3
2026-09-11 20:05:00+0900,2,2,117.2,TOP,NORMAL,false,ALIVE,measured,,47.2,33.9,18.9
2026-09-11 20:10:00+0900,2,1,99.7,MID,NORMAL,false,ALIVE,measured,,62.5,34.2,3.3
2026-09-11 20:15:00+0900,2,2,118.1,TOP,HIGH,true,ALIVE,measured,,83.1,8.3,8.6
2026-09-11 20:20:00+0900,2,1,100.4,MID,NORMAL,false,ALIVE,measured,,75.7,14.3,10.0
2026-09-11 20:25:00+0900,2,2,116.0,TOP,NORMAL,false,ALIVE,measured,,42.1,32.3,25.6
2026-09-11 20:30:00+0900,2,1,109.2,MID,NORMAL,false,ALIVE,measured,,63.7,31.8,4.5
2026-09-11 20:35:00+0900,2,2,116.7,TOP,NORMAL,false,ALIVE,measured,,80.0,13.2,6.8
2026-09-11 20:40:00+0900,2,1,121.9,TOP,HIGH,true,ALIVE,measured,,24.1,35.6,40.3
2026-09-11 20:45:00+0900,2,2,100.9,MID,NORMAL,false,ALIVE,measured,,90.6,7.1,2.3
2026-09-11 20:50:00+0900,2,1,99.0,MID,NORMAL,false,ALIVE,measured,,78.9,12.8,8.3
2026-09-11 20:55:00+0900,2,2,105.3,MID,NORMAL,false,ALIVE,measured,,57.0,25.6,17.4
2026-09-11 21:00:00+0900,3,1,97.4,MID,NORMAL,false,ALIVE,measured,,76.9,12.7,10.4
2026-09-11 21:05:00+0900,3,2,105.1,MID,NORMAL,false,ALIVE,measured,,84.8,8.3,6.9
2026-09-11 21:10:00+0900,3,1,98.5,MID,NORMAL,false,ALIVE,measured,,78.0,13.3,8.7
2026-09-11 21:15:00+0900,3,2,111.6,MID,NORMAL,false,ALIVE,measured,,59.2,32.2,8.6
2026-09-11 21:20:00+0900,3,1,92.3,MID,NORMAL,false,ALIVE,measured,,90.8,7.2,2.0
2026-09-11 21:25:00+0900,3,2,98.1,MID,NORMAL,false,ALIVE,measured,,87.6,7.7,4.7
2026-09-11 21:30:00+0900,3,1,105.2,MID,NORMAL,false,ALIVE,measured,,74.3,14.9,10.8
2026-09-11 21:35:00+0900,3,2,109.0,MID,NORMAL,false,ALIVE,measured,,73.4,14.3,12.3
2026-09-11 21:40:00+0900,3,1,106.6,MID,NORMAL,false,ALIVE,measured,,87.4,8.6,4.0
2026-09-11 21:45:00+0900,3,2,96.5,MID,NORMAL,false,ALIVE,measured,,57.8,27.4,14.8
2026-09-11 21:50:00+0900,3,1,95.2,MID,NORMAL,false,ALIVE,measured,,84.2,10.3,5.5
2026-09-11 21:55:00+0900,3,2,102.3,MID,NORMAL,false,ALIVE,measured,,83.8,13.6,2.6
2026-09-11 22:00:00+0900,3,1,89.5,MID,NORMAL,false,ALIVE,measured,,88.8,7.3,3.9
2026-09-11 22:05:00+0900,3,2,115.2,TOP,NORMAL,false,ALIVE,measured,,86.0,10.1,3.9
2026-09-11 22:10:00+0900,3,1,97.8,MID,NORMAL,false,ALIVE,measured,,85.3,9.3,5.4
2026-09-11 22:15:00+0900,3,2,96.7,MID,NORMAL,false,ALIVE,measured,,90.3,7.6,2.1
2026-09-11 22:20:00+0900,3,1,94.6,MID,NORMAL,false,ALIVE,measured,,81.9,13.9,4.2
2026-09-11 22:25:00+0900,3,2,87.0,MID,NORMAL,false,ALIVE,measured,,62.4,35.1,2.5
2026-09-11 22:30:00+0900,3,1,106.6,MID,NORMAL,false,ALIVE,measured,,49.8,32.1,18.1
2026-09-11 22:35:00+0900,3,2,95.3,MID,NORMAL,false,ALIVE,measured,,53.0,36.6,10.4
2026-09-11 22:40:00+0900,3,1,94.1,MID,NORMAL,false,ALIVE,measured,,79.6,9.7,10.7
2026-09-11 22:45:00+0900,3,2,95.9,MID,NORMAL,false,ALIVE,measured,,56.1,38.8,5.1
2026-09-11 22:50:00+0900,3,1,102.9,MID,NORMAL,false,ALIVE,measured,,79.9,17.4,2.7
2026-09-11 22:55:00+0900,3,2,80.1,BOT,NORMAL,false,ALIVE,measured,,72.5,17.8,9.7
2026-09-11 23:00:00+0900,3,1,86.6,MID,NORMAL,false,ALIVE,measured,,79.1,9.0,11.9
2026-09-11 23:05:00+0900,3,2,98.8,MID,NORMAL,false,ALIVE,measured,,73.9,7.6,18.5
2026-09-11 23:10:00+0900,3,1,103.8,MID,NORMAL,false,ALIVE,measured,,85.8,7.5,6.7
2026-09-11 23:15:00+0900,3,2,85.3,MID,NORMAL,false,ALIVE,measured,,50.3,40.5,9.2
2026-09-11 23:20:00+0900,3,1,98.1,MID,NORMAL,false,ALIVE,measured,,79.8,15.5,4.7
2026-09-11 23:25:00+0900,3,2,87.8,MID,NORMAL,false,ALIVE,measured,,83.3,8.0,8.7
2026-09-11 23:30:00+0900,3,1,94.9,MID,NORMAL,false,ALIVE,measured,,80.4,17.5,2.1
2026-09-11 23:35:00+0900,3,2,93.0,MID,NORMAL,false,ALIVE,measured,,83.7,11.4,4.9
2026-09-11 23:40:00+0900,3,1,85.6,MID,NORMAL,false,ALIVE,measured,,60.6,33.2,6.2
2026-09-11 23:45:00+0900,3,2,84.2,BOT,NORMAL,false,ALIVE,measured,,75.3,19.8,4.9
2026-09-11 23:50:00+0900,3,1,73.4,BOT,LOW,true,ALIVE,measured,,31.2,27.8,41.0
2026-09-11 23:55:00+0900,3,2,89.9,MID,NORMAL,false,ALIVE,measured,,84.0,10.7,5.3
2026-09-12 00:00:00+0900,3,1,94.0,MID,NORMAL,false,ALIVE,measured,,85.0,8.3,6.7
2026-09-12 00:05:00+0900,3,2,91.8,MID,NORMAL,false,ALIVE,measured,,89.4,7.2,3.4
2026-09-12 00:10:00+0900,3,1,77.6,BOT,LOW,true,ALIVE,measured,,79.4,18.2,2.4
2026-09-12 00:15:00+0900,3,2,93.5,MID,NORMAL,false,ALIVE,measured,,42.9,34.9,22.2
2026-09-12 00:20:00+0900,3,1,73.8,BOT,LOW,true,ALIVE,measured,,45.0,32.0,23.0
2026-09-12 00:25:00+0900,3,2,78.6,BOT,NORMAL,false,ALIVE,measured,,89.8,7.9,2.3
2026-09-12 00:30:00+0900,3,1,67.3,BOT,LOW,true,ALIVE,measured,,75.0,12.1,12.9
2026-09-12 00:35:00+0900,3,2,76.6,BOT,LOW,true,ALIVE,measured,,72.4,15.4,12.2
2026-09-12 00:40:00+0900,3,1,89.5,MID,NORMAL,false,ALIVE,measured,,47.9,28.9,23.2
2026-09-12 00:45:00+0900,3,2,74.2,BOT,LOW,true,ALIVE,measured,,50.2,29.0,20.8
2026-09-12 00:50:00+0900,3,1,69.8,BOT,LOW,true,ALIVE,measured,,54.8,41.7,3.5
2026-09-12 00:55:00+0900,3,2,70.2,BOT,LOW,true,ALIVE,measured,,58.1,27.8,14.1
2026-09-12 01:00:00+0900,3,1,71.2,BOT,LOW,true,ALIVE,measured,,46.6,41.4,12.0
2026-09-12 01:05:00+0900,3,2,78.9,BOT,NORMAL,false,ALIVE,measured,,85.6,8.1,6.3
2026-09-12 01:10:00+0900,3,1,62.5,BOT,LOW,true,ALIVE,measured,,77.3,9.4,13.3
2026-09-12 01:15:00+0900,3,2,67.8,BOT,LOW,true,ALIVE,measured,,53.8,36.4,9.8
2026-09-12 01:20:00+0900,3,1,72.5,BOT,LOW,true,ALIVE,measured,,75.5,17.9,6.6
2026-09-12 01:25:00+0900,3,2,73.6,BOT,LOW,true,ALIVE,measured,,82.4,12.3,5.3
2026-09-12 01:30:00+0900,3,1,55.2,BOT,LOW,true,ALIVE,measured,,72.4,7.7,19.9
2026-09-12 01:35:00+0900,3,2,74.8,BOT,LOW,true,ALIVE,measured,,87.5,7.1,5.4
2026-09-12 01:40:00+0900,3,1,75.9,BOT,LOW,true,ALIVE,measured,,76.9,17.4,5.7
2026-09-12 01:45:00+0900,3,2,70.0,BOT,LOW,true,ALIVE,measured,,81.2,7.1,11.7
2026-09-12 01:50:00+0900,3,1,75.9,BOT,LOW,true,ALIVE,measured,,82.5,7.9,9.6
2026-09-12 01:55:00+0900,3,2,69.7,BOT,LOW,true,ALIVE,measured,,76.2,18.2,5.6
2026-09-12 02:00:00+0900,3,1,71.4,BOT,LOW,true,ALIVE,measured,,88.8,8.6,2.6
2026-09-12 02:05:00+0900,3,2,62.6,BOT,LOW,true,ALIVE,measured,,81.8,11.9,6.3
2026-09-12 02:10:00+0900,3,1,81.8,BOT,NORMAL,false,ALIVE,measured,,88.7,8.1,3.2
2026-09-12 02:15:00+0900,3,2,63.4,BOT,LOW,true,ALIVE,measured,,72.1,8.1,19.8
2026-09-12 02:20:00+0900,3,1,66.4,BOT,LOW,true,ALIVE,measured,,86.0,9.1,4.9
2026-09-12 02:25:00+0900,3,2,68.5,BOT,LOW,true,ALIVE,measured,,73.4,11.4,15.2
2026-09-12 02:30:00+0900,3,1,71.8,BOT,LOW,true,ALIVE,measured,,48.5,33.7,17.8
2026-09-12 02:35:00+0900,3,2,74.9,BOT,LOW,true,ALIVE,measured,,33.9,22.8,43.3
2026-09-12 02:40:00+0900,3,1,62.2,BOT,LOW,true,ALIVE,measured,,87.9,8.1,4.0
2026-09-12 02:45:00+0900,3,2,70.6,BOT,LOW,true,ALIVE,measured,,77.1,17.9,5.0
2026-09-12 02:50:00+0900,3,1,57.3,BOT,LOW,true,ALIVE,measured,,87.3,10.5,2.2
2026-09-12 02:55:00+0900,3,2,59.5,BOT,LOW,true,ALIVE,measured,,89.6,7.6,2.8
2026-09-12 03:00:00+0900,3,1,66.7,BOT,LOW,true,ALIVE,measured,,76.2,11.5,12.3
2026-09-12 03:05:00+0900,3,2,67.5,BOT,LOW,true,ALIVE,measured,,89.4,7.1,3.5
2026-09-12 03:10:00+0900,3,1,65.1,BOT,LOW,true,ALIVE,measured,,74.7,17.7,7.6
2026-09-12 03:15:00+0900,3,2,63.3,BOT,LOW,true,ALIVE,measured,,88.0,8.4,3.6
2026-09-12 03:20:00+0900,3,1,57.8,BOT,LOW,true,ALIVE,measured,,72.3,18.9,8.8
2026-09-12 03:25:00+0900,3,2,79.0,BOT,NORMAL,false,ALIVE,measured,,88.3,7.9,3.8
2026-09-12 03:30:00+0900,3,1,67.9,BOT,LOW,true,ALIVE,measured,,80.1,16.6,3.3
2026-09-12 03:35:00+0900,3,2,75.6,BOT,LOW,true,ALIVE,measured,,78.8,12.1,9.1
2026-09-12 03:40:00+0900,3,1,61.7,BOT,LOW,true,ALIVE,measured,,85.0,11.3,3.7
2026-09-12 03:45:00+0900,3,2,69.2,BOT,LOW,true,ALIVE,measured,,78.1,13.4,8.5
2026-09-12 03:50:00+0900,3,1,64.2,BOT,LOW,true,ALIVE,measured,,48.7,39.3,12.0
2026-09-12 03:55:00+0900,3,2,72.4,BOT,LOW,true,ALIVE,measured,,50.3,36.5,13.2
2026-09-12 04:00:00+0900,3,1,73.5,BOT,LOW,true,ALIVE,measured,,87.3,10.1,2.6
2026-09-12 04:05:00+0900,3,2,76.4,BOT,LOW,true,ALIVE,measured,,44.0,25.0,31.0
2026-09-12 04:10:00+0900,3,1,77.6,BOT,LOW,true,ALIVE,measured,,73.7,8.2,18.1
2026-09-12 04:15:00+0900,3,2,71.3,BOT,LOW,true,ALIVE,measured,,73.9,11.9,14.2
2026-09-12 04:20:00+0900,3,1,62.7,BOT,LOW,true,ALIVE,measured,,82.7,10.0,7.3
2026-09-12 04:25:00+0900,3,2,79.1,BOT,NORMAL,false,ALIVE,measured,,82.5,15.1,2.4
2026-09-12 04:30:00+0900,3,1,76.3,BOT,LOW,true,ALIVE,measured,,83.1,11.0,5.9
2026-09-12 04:35:00+0900,3,2,64.9,BOT,LOW,true,ALIVE,measured,,56.5,38.7,4.8
2026-09-12 04:40:00+0900,3,1,59.2,BOT,LOW,true,ALIVE,measured,,59.6,27.1,13.3
2026-09-12 04:45:00+0900,3,2,71.8,BOT,LOW,true,ALIVE,measured,,72.2,15.8,12.0
2026-09-12 04:50:00+0900,3,1,71.2,BOT,LOW,true,ALIVE,measured,,82.5,11.4,6.1
2026-09-12 04:55:00+0900,3,2,65.8,BOT,LOW,true,ALIVE,measured,,55.7,34.5,9.8
2026-09-12 05:00:00+0900,3,1,67.1,BOT,LOW,true,ALIVE,measured,,76.6,13.3,10.1
2026-09-12 05:05:00+0900,3,2,71.6,BOT,LOW,true,ALIVE,measured,,80.5,11.2,8.3
2026-09-12 05:10:00+0900,3,1,57.5,BOT,LOW,true,ALIVE,measured,,83.1,7.6,9.3
2026-09-12 05:15:00+0900,3,2,73.7,BOT,LOW,true,ALIVE,measured,,60.4,32.1,7.5
2026-09-12 05:20:00+0900,3,1,76.1,BOT,LOW,true,ALIVE,measured,,78.4,10.0,11.6
2026-09-12 05:25:00+0900,3,2,67.1,BOT,LOW,true,ALIVE,measured,,75.0,19.3,5.7
2026-09-12 05:30:00+0900,3,1,71.9,BOT,LOW,true,ALIVE,measured,,87.7,7.9,4.4
2026-09-12 05:35:00+0900,3,2,69.4,BOT,LOW,true,ALIVE,measured,,45.9,28.3,25.8
2026-09-12 05:40:00+0900,3,1,79.6,BOT,NORMAL,false,ALIVE,measured,,86.5,7.3,6.2
2026-09-12 05:45:00+0900,3,2,70.1,BOT,LOW,true,ALIVE,measured,,60.3,28.1,11.6
2026-09-12 05:50:00+0900,3,1,79.4,BOT,NORMAL,false,ALIVE,measured,,53.1,42.9,4.0
2026-09-12 05:55:00+0900,3,2,74.1,BOT,LOW,true,ALIVE,measured,,79.4,12.4,8.2
2026-09-12 06:00:00+0900,3,1,77.1,BOT,LOW,true,ALIVE,measured,,37.6,35.0,27.4
2026-09-12 06:05:00+0900,3,2,84.1,BOT,NORMAL,false,ALIVE,measured,,85.0,11.7,3.3
2026-09-12 06:10:00+0900,3,1,74.8,BOT,LOW,true,ALIVE,measured,,53.3,30.6,16.1
2026-09-12 06:15:00+0900,3,2,78.7,BOT,NORMAL,false,ALIVE,measured,,85.7,10.9,3.4
2026-09-12 06:20:00+0900,3,1,77.5,BOT,LOW,true,ALIVE,measured,,39.3,21.8,38.9
2026-09-12 06:25:00+0900,3,2,76.3,BOT,LOW,true,ALIVE,measured,,75.6,17.1,7.3
2026-09-12 06:30:00+0900,3,1,80.6,BOT,NORMAL,false,ALIVE,measured,,82.8,7.5,9.7
2026-09-12 06:35:00+0900,3,2,67.1,BOT,LOW,true,ALIVE,measured,,88.5,8.1,3.4
2026-09-12 06:40:00+0900,3,1,75.6,BOT,LOW,true,ALIVE,measured,,73.5,11.0,15.5
2026-09-12 06:45:00+0900,3,2,87.9,MID,NORMAL,false,ALIVE,measured,,90.9,7.1,2.0
2026-09-12 06:50:00+0900,3,1,74.4,BOT,LOW,true,ALIVE,measured,,87.6,9.4,3.0
2026-09-12 06:55:00+0900,3,2,100.9,MID,NORMAL,false,ALIVE,measured,,52.5,25.7,21.8
2026-09-12 07:00:00+0900,3,1,76.1,BOT,LOW,true,ALIVE,measured,,90.0,7.7,2.3
2026-09-12 07:05:00+0900,3,2,80.2,BOT,NORMAL,false,ALIVE,measured,,61.2,34.9,3.9
2026-09-12 07:10:00+0900,3,1,84.1,BOT,NORMAL,false,ALIVE,measured,,82.7,11.5,5.8
2026-09-12 07:15:00+0900,3,2,96.7,MID,NORMAL,false,ALIVE,measured,,87.3,8.2,4.5
2026-09-12 07:20:00+0900,3,1,97.2,MID,NORMAL,false,ALIVE,measured,,75.8,20.4,3.8
2026-09-12 07:25:00+0900,3,2,99.9,MID,NORMAL,false,ALIVE,measured,,55.1,30.8,14.1
2026-09-12 07:30:00+0900,3,1,97.3,MID,NORMAL,false,ALIVE,measured,,75.9,10.3,13.8
2026-09-12 07:35:00+0900,3,2,98.5,MID,NORMAL,false,ALIVE,measured,,81.4,8.0,10.6
2026-09-12 07:40:00+0900,3,1,109.4,MID,NORMAL,false,ALIVE,measured,,83.2,8.1,8.7
2026-09-12 07:45:00+0900,3,2,101.6,MID,NORMAL,false,ALIVE,measured,,86.7,10.4,2.9
2026-09-12 07:50:00+0900,3,1,100.1,MID,NORMAL,false,ALIVE,measured,,47.6,31.6,20.8
2026-09-12 07:55:00+0900,3,2,112.3,MID,NORMAL,true,ALIVE,measured,,20.0,24.8,55.2
2026-09-12 08:00:00+0900,3,1,111.8,MID,NORMAL,false,ALIVE,measured,,86.8,9.0,4.2
2026-09-12 08:05:00+0900,3,2,92.2,MID,NORMAL,false,ALIVE,measured,,81.6,7.8,10.6
2026-09-12 08:10:00+0900,3,1,118.2,TOP,HIGH,true,ALIVE,measured,,77.2,7.3,15.5
2026-09-12 08:15:00+0900,3,2,113.3,MID,NORMAL,false,ALIVE,measured,,83.3,8.6,8.1
2026-09-12 08:20:00+0900,3,1,105.1,MID,NORMAL,false,ALIVE,measured,,83.2,10.5,6.3
2026-09-12 08:25:00+0900,3,2,107.7,MID,NORMAL,false,ALIVE,measured,,52.7,37.3,10.0
2026-09-12 08:30:00+0900,3,1,105.3,MID,NORMAL,false,ALIVE,measured,,46.3,33.8,19.9
2026-09-12 08:35:00+0900,3,2,100.2,MID,NORMAL,false,ALIVE,measured,,57.0,38.3,4.7
2026-09-12 08:40:00+0900,3,1,105.4,MID,NORMAL,false,ALIVE,measured,,55.9,41.2,2.9
2026-09-12 08:45:00+0900,3,2,108.1,MID,NORMAL,false,ALIVE,measured,,72.1,8.5,19.4
2026-09-12 08:50:00+0900,3,1,103.5,MID,NORMAL,false,ALIVE,measured,,82.8,10.0,7.2
2026-09-12 08:55:00+0900,3,2,106.2,MID,NORMAL,false,ALIVE,measured,,82.2,9.0,8.8
2026-09-12 09:00:00+0900,3,1,99.3,MID,NORMAL,false,ALIVE,measured,,60.9,28.9,10.2
2026-09-12 09:05:00+0900,3,2,84.7,BOT,NORMAL,false,ALIVE,measured,,72.1,16.4,11.5
2026-09-12 09:10:00+0900,3,1,92.6,MID,NORMAL,false,ALIVE,measured,,90.3,7.3,2.4
2026-09-12 09:15:00+0900,3,2,91.0,MID,NORMAL,false,ALIVE,measured,,75.7,19.4,4.9
2026-09-12 09:20:00+0900,3,1,104.8,MID,NORMAL,false,ALIVE,measured,,56.4,31.5,12.1
2026-09-12 09:25:00+0900,3,2,96.9,MID,NORMAL,false,ALIVE,measured,,56.4,33.3,10.3
2026-09-12 09:30:00+0900,3,1,94.8,MID,NORMAL,false,ALIVE,measured,,88.0,7.5,4.5
2026-09-12 09:35:00+0900,3,2,92.9,MID,NORMAL,false,ALIVE,measured,,57.1,33.4,9.5
2026-09-12 09:40:00+0900,3,1,109.7,MID,NORMAL,false,ALIVE,measured,,90.3,7.0,2.7
2026-09-12 09:45:00+0900,3,2,114.3,MID,NORMAL,false,ALIVE,measured,,88.1,7.4,4.5
2026-09-12 09:50:00+0900,3,1,98.5,MID,NORMAL,false,ALIVE,measured,,81.5,10.0,8.5
2026-09-12 09:55:00+0900,3,2,98.4,MID,NORMAL,false,ALIVE,measured,,83.9,12.9,3.2
2026-09-12 10:00:00+0900,3,1,94.6,MID,NORMAL,false,ALIVE,measured,,77.8,11.8,10.4
2026-09-12 10:05:00+0900,3,2,103.0,MID,NORMAL,false,ALIVE,measured,,86.2,9.1,4.7
2026-09-12 10:10:00+0900,3,1,111.7,MID,NORMAL,false,ALIVE,measured,,87.6,9.0,3.4
2026-09-12 10:15:00+0900,3,2,103.2,MID,NORMAL,false,ALIVE,measured,,76.5,8.7,14.8
2026-09-12 10:20:00+0900,3,1,92.0,MID,NORMAL,true,ALIVE,measured,,34.0,33.0,33.0
2026-09-12 10:25:00+0900,3,2,113.4,MID,NORMAL,false,ALIVE,measured,,59.2,32.4,8.4
2026-09-12 10:30:00+0900,3,1,101.2,MID,NORMAL,false,ALIVE,measured,,63.0,29.6,7.4
2026-09-12 10:35:00+0900,3,2,98.2,MID,NORMAL,false,ALIVE,measured,,89.0,8.1,2.9
2026-09-12 10:40:00+0900,3,1,93.4,MID,NORMAL,false,ALIVE,measured,,81.0,12.1,6.9
2026-09-12 10:45:00+0900,3,2,110.0,MID,NORMAL,false,ALIVE,measured,,79.5,13.0,7.5
2026-09-12 10:50:00+0900,3,1,101.3,MID,NORMAL,false,ALIVE,measured,,85.8,7.9,6.3
2026-09-12 10:55:00+0900,3,2,100.2,MID,NORMAL,false,ALIVE,measured,,56.8,39.6,3.6
2026-09-12 11:00:00+0900,3,1,99.5,MID,NORMAL,false,ALIVE,measured,,85.5,8.4,6.1
2026-09-12 11:05:00+0900,3,2,102.8,MID,NORMAL,false,ALIVE,measured,,80.8,8.5,10.7
2026-09-12 11:10:00+0900,3,1,106.9,MID,NORMAL,false,ALIVE,measured,,82.5,10.2,7.3
2026-09-12 11:15:00+0900,3,2,99.1,MID,NORMAL,false,ALIVE,measured,,78.0,16.5,5.5
2026-09-12 11:20:00+0900,3,1,90.9,MID,NORMAL,false,ALIVE,measured,,79.9,16.9,3.2
2026-09-12 11:25:00+0900,3,2,101.9,MID,NORMAL,false,ALIVE,measured,,72.1,14.8,13.1
2026-09-12 11:30:00+0900,3,1,104.0,MID,NORMAL,false,ALIVE,measured,,73.2,13.9,12.9
2026-09-12 11:35:00+0900,3,2,97.3,MID,NORMAL,false,ALIVE,measured,,60.7,35.0,4.3
2026-09-12 11:40:00+0900,3,1,97.3,MID,NORMAL,false,ALIVE,measured,,87.8,8.0,4.2
2026-09-12 11:45:00+0900,3,2,100.4,MID,NORMAL,false,ALIVE,measured,,88.9,8.6,2.5
2026-09-12 11:50:00+0900,3,1,96.9,MID,NORMAL,false,ALIVE,measured,,81.9,10.8,7.3
2026-09-12 11:55:00+0900,3,2,114.5,MID,NORMAL,false,ALIVE,measured,,81.6,13.8,4.6
2026-09-12 12:00:00+0900,3,1,88.3,MID,NORMAL,false,ALIVE,measured,,76.7,19.7,3.6
2026-09-12 12:05:00+0900,3,2,99.7,MID,NORMAL,false,ALIVE,measured,,76.2,20.4,3.4
2026-09-12 12:10:00+0900,3,1,89.3,MID,NORMAL,false,ALIVE,measured,,90.2,7.7,2.1
2026-09-12 12:15:00+0900,3,2,87.4,MID,NORMAL,false,ALIVE,measured,,85.8,10.7,3.5
2026-09-12 12:20:00+0900,3,1,97.0,MID,NORMAL,false,ALIVE,measured,,57.1,34.5,8.4
2026-09-12 12:25:00+0900,3,2,104.8,MID,NORMAL,false,ALIVE,measured,,91.0,7.0,2.0
2026-09-12 12:30:00+0900,3,1,85.4,MID,NORMAL,false,ALIVE,measured,,79.9,11.4,8.7
2026-09-12 12:35:00+0900,3,2,109.5,MID,NORMAL,false,ALIVE,measured,,83.4,13.2,3.4
2026-09-12 12:40:00+0900,3,1,96.9,MID,NORMAL,true,ALIVE,measured,,38.0,31.3,30.7
2026-09-12 12:45:00+0900,3,2,102.4,MID,NORMAL,false,ALIVE,measured,,87.1,10.2,2.7
2026-09-12 12:50:00+0900,3,1,108.9,MID,NORMAL,false,ALIVE,measured,,76.4,15.6,8.0
2026-09-12 12:55:00+0900,3,2,103.7,MID,NORMAL,false,ALIVE,measured,,83.6,13.3,3.1
2026-09-12 13:00:00+0900,3,1,98.1,MID,NORMAL,false,ALIVE,measured,,44.2,37.9,17.9
2026-09-12 13:05:00+0900,3,2,100.3,MID,NORMAL,false,ALIVE,measured,,80.0,17.7,2.3
2026-09-12 13:10:00+0900,3,1,105.1,MID,NORMAL,false,ALIVE,measured,,78.7,13.2,8.1
2026-09-12 13:15:00+0900,3,2,101.5,MID,NORMAL,false,ALIVE,measured,,79.1,13.3,7.6
2026-09-12 13:20:00+0900,3,1,94.4,MID,NORMAL,false,ALIVE,measured,,90.4,7.5,2.1
2026-09-12 13:25:00+0900,3,2,104.7,MID,NORMAL,true,ALIVE,measured,,34.3,24.1,41.6
2026-09-12 13:30:00+0900,3,1,102.1,MID,NORMAL,false,ALIVE,measured,,88.4,9.4,2.2
2026-09-12 13:35:00+0900,3,2,107.8,MID,NORMAL,false,ALIVE,measured,,84.6,9.8,5.6
2026-09-12 13:40:00+0900,3,1,109.0,MID,NORMAL,false,ALIVE,measured,,82.9,8.1,9.0
2026-09-12 13:45:00+0900,3,2,104.8,MID,NORMAL,false,ALIVE,measured,,87.3,9.8,2.9
2026-09-12 13:50:00+0900,3,1,89.8,MID,NORMAL,false,ALIVE,measured,,90.4,7.3,2.3
2026-09-12 13:55:00+0900,3,2,95.3,MID,NORMAL,false,ALIVE,measured,,75.1,12.1,12.8
2026-09-12 14:00:00+0900,3,1,109.0,MID,NORMAL,false,ALIVE,measured,,55.5,35.9,8.6
2026-09-12 14:05:00+0900,3,2,90.4,MID,NORMAL,false,ALIVE,measured,,73.0,15.1,11.9
2026-09-12 14:10:00+0900,3,1,91.9,MID,NORMAL,false,ALIVE,measured,,49.8,35.3,14.9
2026-09-12 14:15:00+0900,3,2,92.7,MID,NORMAL,true,ALIVE,measured,,21.5,31.8,46.7
2026-09-12 14:20:00+0900,3,1,100.2,MID,NORMAL,false,ALIVE,measured,,84.9,10.6,4.5
2026-09-12 14:25:00+0900,3,2,89.9,MID,NORMAL,false,ALIVE,measured,,74.0,10.6,15.4
2026-09-12 14:30:00+0900,3,1,100.2,MID,NORMAL,false,ALIVE,measured,,76.0,11.3,12.7
2026-09-12 14:35:00+0900,3,2,101.7,MID,NORMAL,false,ALIVE,measured,,78.5,8.1,13.4
2026-09-12 14:40:00+0900,3,1,89.8,MID,NORMAL,false,ALIVE,measured,,77.2,18.2,4.6
2026-09-12 14:45:00+0900,3,2,97.1,MID,NORMAL,false,ALIVE,measured,,86.8,10.7,2.5
2026-09-12 14:50:00+0900,3,1,112.5,MID,NORMAL,true,ALIVE,measured,,39.8,21.9,38.3
2026-09-12 14:55:00+0900,3,2,106.4,MID,NORMAL,false,ALIVE,measured,,90.5,7.1,2.4
2026-09-12 15:00:00+0900,3,1,96.7,MID,NORMAL,false,ALIVE,measured,,77.0,18.5,4.5
2026-09-12 15:05:00+0900,3,2,90.3,MID,NORMAL,false,ALIVE,measured,,60.3,25.4,14.3
2026-09-12 15:10:00+0900,3,1,99.3,MID,NORMAL,false,ALIVE,measured,,78.0,13.3,8.7
2026-09-12 15:15:00+0900,3,2,87.7,MID,NORMAL,false,ALIVE,measured,,83.3,9.8,6.9
2026-09-12 15:20:00+0900,3,1,102.9,MID,NORMAL,false,ALIVE,measured,,85.4,7.6,7.0
2026-09-12 15:25:00+0900,3,2,104.6,MID,NORMAL,false,ALIVE,measured,,86.9,8.2,4.9
2026-09-12 15:30:00+0900,3,1,97.7,MID,NORMAL,false,ALIVE,measured,,88.4,8.9,2.7
2026-09-12 15:35:00+0900,3,2,96.0,MID,NORMAL,false,ALIVE,measured,,88.1,8.1,3.8
2026-09-12 15:40:00+0900,3,1,107.4,MID,NORMAL,false,ALIVE,measured,,48.9,25.1,26.0
2026-09-12 15:45:00+0900,3,2,101.0,MID,NORMAL,false,ALIVE,measured,,81.2,9.1,9.7
2026-09-12 15:50:00+0900,3,1,110.5,MID,NORMAL,false,ALIVE,measured,,61.7,25.1,13.2
2026-09-12 15:55:00+0900,3,2,108.4,MID,NORMAL,false,ALIVE,measured,,60.4,32.6,7.0
2026-09-12 16:00:00+0900,3,1,99.9,MID,NORMAL,false,ALIVE,measured,,80.0,17.2,2.8
2026-09-12 16:05:00+0900,3,2,101.5,MID,NORMAL,false,ALIVE,measured,,72.5,17.3,10.2
2026-09-12 16:10:00+0900,3,1,92.5,MID,NORMAL,false,ALIVE,measured,,45.5,40.0,14.5
2026-09-12 16:15:00+0900,3,2,106.3,MID,NORMAL,false,ALIVE,measured,,54.0,28.1,17.9
2026-09-12 16:20:00+0900,3,1,107.8,MID,NORMAL,false,ALIVE,measured,,84.6,8.5,6.9
2026-09-12 16:25:00+0900,3,2,95.2,MID,NORMAL,false,ALIVE,measured,,55.3,31.6,13.1
2026-09-12 16:30:00+0900,3,1,108.6,MID,NORMAL,false,ALIVE,measured,,46.3,25.1,28.6
2026-09-12 16:35:00+0900,3,2,97.9,MID,NORMAL,false,ALIVE,measured,,90.7,7.2,2.1
2026-09-12 16:40:00+0900,3,1,97.2,MID,NORMAL,false,ALIVE,measured,,90.3,7.1,2.6
2026-09-12 16:45:00+0900,3,2,109.1,MID,NORMAL,false,ALIVE,measured,,74.0,7.5,18.5
2026-09-12 16:50:00+0900,3,1,111.0,MID,NORMAL,false,ALIVE,measured,,84.0,11.7,4.3
2026-09-12 16:55:00+0900,3,2,98.4,MID,NORMAL,false,ALIVE,measured,,76.1,18.4,5.5
2026-09-12 17:00:00+0900,3,1,101.8,MID,NORMAL,false,ALIVE,measured,,77.9,16.7,5.4
2026-09-12 17:05:00+0900,3,2,112.4,MID,NORMAL,false,ALIVE,measured,,46.4,25.7,27.9
2026-09-12 17:10:00+0900,3,1,109.3,MID,NORMAL,false,ALIVE,measured,,50.5,39.3,10.2
2026-09-12 17:15:00+0900,3,2,119.8,TOP,HIGH,true,ALIVE,measured,,82.2,8.1,9.7
2026-09-12 17:20:00+0900,3,1,113.4,MID,NORMAL,false,ALIVE,measured,,57.9,39.6,2.5
2026-09-12 17:25:00+0900,3,2,123.0,TOP,HIGH,true,ALIVE,measured,,81.6,16.2,2.2
2026-09-12 17:30:00+0900,3,1,125.7,TOP,HIGH,true,ALIVE,measured,,88.8,7.7,3.5
2026-09-12 17:35:00+0900,3,2,109.0,MID,NORMAL,false,ALIVE,measured,,88.7,9.0,2.3
2026-09-12 17:40:00+0900,3,1,113.8,MID,NORMAL,false,ALIVE,measured,,87.2,10.1,2.7
2026-09-12 17:45:00+0900,3,2,123.8,TOP,HIGH,true,ALIVE,measured,,73.1,12.4,14.5
2026-09-12 17:50:00+0900,3,1,133.1,TOP,HIGH,true,ALIVE,measured,,76.2,12.0,11.8
2026-09-12 17:55:00+0900,3,2,120.7,TOP,HIGH,true,ALIVE,measured,,80.6,14.7,4.7
2026-09-12 18:00:00+0900,3,1,139.6,TOP,HIGH,true,ALIVE,measured,,73.5,12.7,13.8
2026-09-12 18:05:00+0900,3,2,119.4,TOP,HIGH,true,ALIVE,measured,,76.1,20.8,3.1
2026-09-12 18:10:00+0900,3,1,131.0,TOP,HIGH,true,ALIVE,measured,,86.5,10.5,3.0
2026-09-12 18:15:00+0900,3,2,125.5,TOP,HIGH,true,ALIVE,measured,,74.7,21.1,4.2
2026-09-12 18:20:00+0900,3,1,138.1,TOP,HIGH,true,ALIVE,measured,,76.1,7.9,16.0
2026-09-12 18:25:00+0900,3,2,125.1,TOP,HIGH,true,ALIVE,measured,,84.6,12.3,3.1
2026-09-12 18:30:00+0900,3,1,117.0,TOP,NORMAL,false,ALIVE,measured,,53.0,37.8,9.2
2026-09-12 18:35:00+0900,3,2,113.1,MID,NORMAL,false,ALIVE,measured,,82.4,12.2,5.4
2026-09-12 18:40:00+0900,3,1,113.5,MID,NORMAL,false,ALIVE,measured,,85.1,10.7,4.2
2026-09-12 18:45:00+0900,3,2,117.9,TOP,NORMAL,false,ALIVE,measured,,48.4,26.1,25.5
2026-09-12 18:50:00+0900,3,1,115.2,TOP,NORMAL,false,ALIVE,measured,,77.1,20.7,2.2
2026-09-12 18:55:00+0900,3,2,109.9,MID,NORMAL,false,ALIVE,measured,,72.8,19.3,7.9
2026-09-12 19:00:00+0900,3,1,113.9,MID,NORMAL,false,ALIVE,measured,,49.0,35.2,15.8
2026-09-12 19:05:00+0900,3,2,107.0,MID,NORMAL,false,ALIVE,measured,,85.9,11.6,2.5
2026-09-12 19:10:00+0900,3,1,105.8,MID,NORMAL,false,ALIVE,measured,,85.8,9.9,4.3
2026-09-12 19:15:00+0900,3,2,114.8,MID,NORMAL,false,ALIVE,measured,,53.5,41.6,4.9
2026-09-12 19:20:00+0900,3,1,112.9,MID,NORMAL,false,ALIVE,measured,,75.5,19.9,4.6
2026-09-12 19:25:00+0900,3,2,109.2,MID,NORMAL,false,ALIVE,measured,,80.4,13.9,5.7
2026-09-12 19:30:00+0900,3,1,100.9,MID,NORMAL,false,ALIVE,measured,,75.3,21.9,2.8
2026-09-12 19:35:00+0900,3,2,100.4,MID,NORMAL,false,ALIVE,measured,,76.9,20.7,2.4
2026-09-12 19:40:00+0900,3,1,113.8,MID,NORMAL,false,ALIVE,measured,,89.7,7.9,2.4
2026-09-12 19:45:00+0900,3,2,102.3,MID,NORMAL,false,ALIVE,measured,,86.1,9.7,4.2
2026-09-12 19:50:00+0900,3,1,116.9,TOP,NORMAL,false,ALIVE,measured,,73.7,12.1,14.2
2026-09-12 19:55:00+0900,3,2,97.6,MID,NORMAL,true,ALIVE,measured,,23.0,37.5,39.5
2026-09-12 20:00:00+0900,3,1,104.3,MID,NORMAL,false,ALIVE,measured,,89.0,8.6,2.4
2026-09-12 20:05:00+0900,3,2,108.1,MID,NORMAL,false,ALIVE,measured,,83.9,10.0,6.1
2026-09-12 20:10:00+0900,3,1,122.9,TOP,HIGH,true,ALIVE,measured,,84.8,7.4,7.8
2026-09-12 20:15:00+0900,3,2,113.3,MID,NORMAL,false,ALIVE,measured,,44.2,31.1,24.7
2026-09-12 20:20:00+0900,3,1,112.5,MID,NORMAL,false,ALIVE,measured,,73.4,15.9,10.7
2026-09-12 20:25:00+0900,3,2,106.3,MID,NORMAL,false,ALIVE,measured,,88.3,7.0,4.7
2026-09-12 20:30:00+0900,3,1,113.5,MID,NORMAL,false,ALIVE,measured,,76.2,12.5,11.3
2026-09-12 20:35:00+0900,3,2,110.8,MID,NORMAL,false,ALIVE,measured,,80.2,8.1,11.7
2026-09-12 20:40:00+0900,3,1,111.5,MID,NORMAL,true,ALIVE,measured,,37.2,20.3,42.5
2026-09-12 20:45:00+0900,3,2,94.8,MID,NORMAL,false,ALIVE,measured,,87.0,7.5,5.5
2026-09-12 20:50:00+0900,3,1,108.2,MID,NORMAL,false,ALIVE,measured,,84.4,11.7,3.9
2026-09-12 20:55:00+0900,3,2,110.7,MID,NORMAL,false,ALIVE,measured,,87.3,9.4,3.3
2026-09-12 21:00:00+0900,4,1,100.5,MID,NORMAL,false,ALIVE,measured,,87.4,8.8,3.8
2026-09-12 21:05:00+0900,4,2,115.4,TOP,NORMAL,false,ALIVE,measured,,82.9,13.1,4.0
2026-09-12 21:10:00+0900,4,1,104.0,MID,NORMAL,false,ALIVE,measured,,83.1,14.1,2.8
2026-09-12 21:15:00+0900,4,2,118.1,TOP,HIGH,true,ALIVE,measured,,84.9,9.0,6.1
2026-09-12 21:20:00+0900,4,1,115.8,TOP,NORMAL,false,ALIVE,measured,,84.7,10.2,5.1
2026-09-12 21:25:00+0900,4,2,107.7,MID,NORMAL,false,ALIVE,measured,,73.6,13.4,13.0
2026-09-12 21:30:00+0900,4,1,107.7,MID,NORMAL,false,ALIVE,measured,,79.5,12.9,7.6
2026-09-12 21:35:00+0900,4,2,100.3,MID,NORMAL,true,ALIVE,measured,,34.8,24.4,40.8
2026-09-12 21:40:00+0900,4,1,103.7,MID,NORMAL,false,ALIVE,measured,,47.2,32.2,20.6
2026-09-12 21:45:00+0900,4,2,105.7,MID,NORMAL,false,ALIVE,measured,,51.2,33.3,15.5
2026-09-12 21:50:00+0900,4,1,98.4,MID,NORMAL,false,ALIVE,measured,,83.6,10.9,5.5
2026-09-12 21:55:00+0900,4,2,103.5,MID,NORMAL,false,ALIVE,measured,,54.4,38.1,7.5
2026-09-12 22:00:00+0900,4,1,105.3,MID,NORMAL,false,ALIVE,measured,,73.8,7.9,18.3
2026-09-12 22:05:00+0900,4,2,94.1,MID,NORMAL,false,ALIVE,measured,,72.7,15.1,12.2
2026-09-12 22:10:00+0900,4,1,110.0,MID,NORMAL,false,ALIVE,measured,,75.8,11.0,13.2
2026-09-12 22:15:00+0900,4,2,105.5,MID,NORMAL,false,ALIVE,measured,,87.8,8.3,3.9
2026-09-12 22:20:00+0900,4,1,94.9,MID,NORMAL,false,ALIVE,measured,,78.3,7.8,13.9
2026-09-12 22:25:00+0900,4,2,96.5,MID,NORMAL,false,ALIVE,measured,,75.9,13.7,10.4
2026-09-12 22:30:00+0900,4,1,107.7,MID,NORMAL,false,ALIVE,measured,,89.0,8.3,2.7
2026-09-12 22:35:00+0900,4,2,102.5,MID,NORMAL,false,ALIVE,measured,,42.3,29.8,27.9
2026-09-12 22:40:00+0900,4,1,96.9,MID,NORMAL,false,ALIVE,measured,,77.4,11.2,11.4
2026-09-12 22:45:00+0900,4,2,94.9,MID,NORMAL,false,ALIVE,measured,,47.1,37.8,15.1
2026-09-12 22:50:00+0900,4,1,92.0,MID,NORMAL,false,ALIVE,measured,,44.5,36.6,18.9
2026-09-12 22:55:00+0900,4,2,94.6,MID,NORMAL,false,ALIVE,measured,,78.3,12.3,9.4
2026-09-12 23:00:00+0900,4,1,95.5,MID,NORMAL,false,ALIVE,measured,,88.2,7.5,4.3
2026-09-12 23:05:00+0900,4,2,77.1,BOT,LOW,true,ALIVE,measured,,89.2,7.1,3.7
2026-09-12 23:10:00+0900,4,1,100.0,MID,NORMAL,true,ALIVE,measured,,23.7,24.4,51.9
2026-09-12 23:15:00+0900,4,2,93.5,MID,NORMAL,false,ALIVE,measured,,82.1,10.5,7.4
2026-09-12 23:20:00+0900,4,1,95.7,MID,NORMAL,false,ALIVE,measured,,80.9,9.9,9.2
2026-09-12 23:25:00+0900,4,2,105.5,MID,NORMAL,false,ALIVE,measured,,73.7,11.3,15.0
2026-09-12 23:30:00+0900,4,1,79.7,BOT,NORMAL,false,ALIVE,measured,,78.0,12.6,9.4
2026-09-12 23:35:00+0900,4,2,78.0,BOT,NORMAL,false,ALIVE,measured,,76.4,16.9,6.7
2026-09-12 23:40:00+0900,4,1,81.7,BOT,NORMAL,false,ALIVE,measured,,75.7,11.0,13.3
2026-09-12 23:45:00+0900,4,2,92.4,MID,NORMAL,true,ALIVE,measured,,25.6,24.9,49.5
2026-09-12 23:50:00+0900,4,1,80.3,BOT,NORMAL,false,ALIVE,measured,,90.5,7.3,2.2
2026-09-12 23:55:00+0900,4,2,86.4,MID,NORMAL,false,ALIVE,measured,,45.6,33.8,20.6
2026-09-13 00:00:00+0900,4,1,83.8,BOT,NORMAL,false,ALIVE,measured,,79.3,16.8,3.9
2026-09-13 00:05:00+0900,4,2,85.5,MID,NORMAL,false,ALIVE,measured,,42.5,33.0,24.5
2026-09-13 00:10:00+0900,4,1,72.2,BOT,LOW,true,ALIVE,measured,,61.5,29.7,8.8
2026-09-13 00:15:00+0900,4,2,85.9,MID,NORMAL,false,ALIVE,measured,,76.5,8.3,15.2
2026-09-13 00:20:00+0900,4,1,76.4,BOT,LOW,true,ALIVE,measured,,81.3,14.9,3.8
2026-09-13 00:25:00+0900,4,2,79.3,BOT,NORMAL,false,ALIVE,measured,,83.9,10.8,5.3
2026-09-13 00:30:00+0900,4,1,80.2,BOT,NORMAL,false,ALIVE,measured,,55.2,26.8,18.0
2026-09-13 00:35:00+0900,4,2,66.9,BOT,LOW,true,ALIVE,measured,,85.9,7.5,6.6
2026-09-13 00:40:00+0900,4,1,90.5,MID,NORMAL,false,ALIVE,measured,,63.9,29.8,6.3
2026-09-13 00:45:00+0900,4,2,75.6,BOT,LOW,true,ALIVE,measured,,52.5,33.1,14.4
2026-09-13 00:50:00+0900,4,1,77.6,BOT,LOW,true,ALIVE,measured,,53.7,38.0,8.3
2026-09-13 00:55:00+0900,4,2,79.7,BOT,NORMAL,false,ALIVE,measured,,75.1,8.8,16.1
2026-09-13 01:00:00+0900,4,1,74.6,BOT,LOW,true,ALIVE,measured,,84.4,11.6,4.0
2026-09-13 01:05:00+0900,4,2,68.2,BOT,LOW,true,ALIVE,measured,,75.7,14.0,10.3
2026-09-13 01:10:00+0900,4,1,73.1,BOT,LOW,true,ALIVE,measured,,78.6,11.7,9.7
2026-09-13 01:15:00+0900,4,2,78.1,BOT,NORMAL,false,ALIVE,measured,,78.1,13.0,8.9
2026-09-13 01:20:00+0900,4,1,74.1,BOT,LOW,true,ALIVE,measured,,83.5,8.2,8.3
2026-09-13 01:25:00+0900,4,2,55.8,BOT,LOW,true,ALIVE,measured,,76.6,9.6,13.8
2026-09-13 01:30:00+0900,4,1,71.9,BOT,LOW,true,ALIVE,measured,,89.0,7.6,3.4
2026-09-13 01:35:00+0900,4,2,74.9,BOT,LOW,true,ALIVE,measured,,91.0,7.0,2.0
2026-09-13 01:40:00+0900,4,1,66.4,BOT,LOW,true,ALIVE,measured,,79.3,17.4,3.3
2026-09-13 01:45:00+0900,4,2,62.4,BOT,LOW,true,ALIVE,measured,,72.1,10.0,17.9
2026-09-13 01:50:00+0900,4,1,80.7,BOT,NORMAL,false,ALIVE,measured,,80.7,9.0,10.3
2026-09-13 01:55:00+0900,4,2,79.1,BOT,NORMAL,false,ALIVE,measured,,90.7,7.1,2.2
2026-09-13 02:00:00+0900,4,1,70.5,BOT,LOW,true,ALIVE,measured,,81.4,14.0,4.6
2026-09-13 02:05:00+0900,4,2,74.5,BOT,LOW,true,ALIVE,measured,,79.0,12.8,8.2
2026-09-13 02:10:00+0900,4,1,78.8,BOT,NORMAL,false,ALIVE,measured,,78.8,10.8,10.4
2026-09-13 02:15:00+0900,4,2,59.9,BOT,LOW,true,ALIVE,measured,,53.7,29.0,17.3
2026-09-13 02:20:00+0900,4,1,79.7,BOT,NORMAL,false,ALIVE,measured,,55.0,35.8,9.2
2026-09-13 02:25:00+0900,4,2,73.3,BOT,LOW,true,ALIVE,measured,,50.5,39.0,10.5
2026-09-13 02:30:00+0900,4,1,68.9,BOT,LOW,true,ALIVE,measured,,77.3,20.7,2.0
2026-09-13 02:35:00+0900,4,2,77.6,BOT,LOW,true,ALIVE,measured,,35.7,30.0,34.3
2026-09-13 02:40:00+0900,4,1,63.9,BOT,LOW,true,ALIVE,measured,,60.1,37.7,2.2
2026-09-13 02:45:00+0900,4,2,77.8,BOT,LOW,true,ALIVE,measured,,78.5,7.2,14.3
2026-09-13 02:50:00+0900,4,1,68.9,BOT,LOW,true,ALIVE,measured,,81.6,14.3,4.1
2026-09-13 02:55:00+0900,4,2,65.5,BOT,LOW,true,ALIVE,measured,,61.2,25.5,13.3
2026-09-13 03:00:00+0900,4,1,69.5,BOT,LOW,true,ALIVE,measured,,21.6,24.9,53.5
2026-09-13 03:05:00+0900,4,2,64.3,BOT,LOW,true,ALIVE,measured,,85.1,9.0,5.9
2026-09-13 03:10:00+0900,4,1,74.6,BOT,LOW,true,ALIVE,measured,,80.6,7.1,12.3
2026-09-13 03:15:00+0900,4,2,55.0,BOT,LOW,true,ALIVE,measured,,90.3,7.4,2.3
2026-09-13 03:20:00+0900,4,1,64.0,BOT,LOW,true,ALIVE,measured,,89.9,7.7,2.4
2026-09-13 03:25:00+0900,4,2,55.0,BOT,LOW,true,ALIVE,measured,,89.3,8.2,2.5
2026-09-13 03:30:00+0900,4,1,63.9,BOT,LOW,true,ALIVE,measured,,78.8,11.5,9.7
2026-09-13 03:35:00+0900,4,2,59.1,BOT,LOW,true,ALIVE,measured,,52.0,30.7,17.3
2026-09-13 03:40:00+0900,4,1,65.2,BOT,LOW,true,ALIVE,measured,,72.2,19.9,7.9
2026-09-13 03:45:00+0900,4,2,73.0,BOT,LOW,true,ALIVE,measured,,72.2,18.7,9.1
2026-09-13 03:50:00+0900,4,1,70.2,BOT,LOW,true,ALIVE,measured,,73.7,11.8,14.5
2026-09-13 03:55:00+0900,4,2,62.6,BOT,LOW,true,ALIVE,measured,,83.4,14.3,2.3
2026-09-13 04:00:00+0900,4,1,56.4,BOT,LOW,true,ALIVE,measured,,77.9,7.1,15.0
2026-09-13 04:05:00+0900,4,2,66.3,BOT,LOW,true,ALIVE,measured,,86.2,9.3,4.5
2026-09-13 04:10:00+0900,4,1,61.4,BOT,LOW,true,ALIVE,measured,,63.9,31.5,4.6
2026-09-13 04:15:00+0900,4,2,70.4,BOT,LOW,true,ALIVE,measured,,89.5,8.4,2.1
2026-09-13 04:20:00+0900,4,1,58.9,BOT,LOW,true,ALIVE,measured,,80.8,16.4,2.8
2026-09-13 04:25:00+0900,4,2,69.6,BOT,LOW,true,ALIVE,measured,,43.6,36.4,20.0
2026-09-13 04:30:00+0900,4,1,68.8,BOT,LOW,true,ALIVE,measured,,45.8,39.6,14.6
2026-09-13 04:35:00+0900,4,2,79.1,BOT,NORMAL,false,ALIVE,measured,,77.5,18.6,3.9
2026-09-13 04:40:00+0900,4,1,59.5,BOT,LOW,true,ALIVE,measured,,74.7,11.9,13.4
2026-09-13 04:45:00+0900,4,2,74.7,BOT,LOW,true,ALIVE,measured,,82.2,8.5,9.3
2026-09-13 04:50:00+0900,4,1,66.1,BOT,LOW,true,ALIVE,measured,,83.5,10.1,6.4
2026-09-13 04:55:00+0900,4,2,69.5,BOT,LOW,true,ALIVE,measured,,49.2,25.1,25.7
2026-09-13 05:00:00+0900,4,1,68.8,BOT,LOW,true,ALIVE,measured,,79.4,12.9,7.7
2026-09-13 05:05:00+0900,4,2,74.8,BOT,LOW,true,ALIVE,measured,,81.5,11.7,6.8
2026-09-13 05:10:00+0900,4,1,69.5,BOT,LOW,true,ALIVE,measured,,85.1,12.9,2.0
2026-09-13 05:15:00+0900,4,2,71.0,BOT,LOW,true,ALIVE,measured,,80.7,8.0,11.3
2026-09-13 05:20:00+0900,4,1,68.3,BOT,LOW,true,ALIVE,measured,,79.2,13.3,7.5
2026-09-13 05:25:00+0900,4,2,80.9,BOT,NORMAL,false,ALIVE,measured,,49.6,35.9,14.5
2026-09-13 05:30:00+0900,4,1,76.8,BOT,LOW,true,ALIVE,measured,,78.1,13.2,8.7
2026-09-13 05:35:00+0900,4,2,78.2,BOT,NORMAL,false,ALIVE,measured,,83.5,11.4,5.1
2026-09-13 05:40:00+0900,4,1,71.9,BOT,LOW,true,ALIVE,measured,,59.5,33.8,6.7
2026-09-13 05:45:00+0900,4,2,93.6,MID,NORMAL,false,ALIVE,measured,,43.2,34.6,22.2
2026-09-13 05:50:00+0900,4,1,63.0,BOT,LOW,true,ALIVE,measured,,29.1,33.4,37.5
2026-09-13 05:55:00+0900,4,2,76.2,BOT,LOW,true,ALIVE,measured,,86.4,10.4,3.2
2026-09-13 06:00:00+0900,4,1,70.2,BOT,LOW,true,ALIVE,measured,,77.6,12.4,10.0
2026-09-13 06:05:00+0900,4,2,82.4,BOT,NORMAL,false,ALIVE,measured,,47.8,35.1,17.1
2026-09-13 06:10:00+0900,4,1,67.8,BOT,LOW,true,ALIVE,measured,,55.5,28.6,15.9
2026-09-13 06:15:00+0900,4,2,81.8,BOT,NORMAL,false,ALIVE,measured,,51.9,28.3,19.8
2026-09-13 06:20:00+0900,4,1,72.9,BOT,LOW,true,ALIVE,measured,,75.8,15.3,8.9
2026-09-13 06:25:00+0900,4,2,86.8,MID,NORMAL,false,ALIVE,measured,,74.2,9.5,16.3
2026-09-13 06:30:00+0900,4,1,77.4,BOT,LOW,true,ALIVE,measured,,87.4,8.0,4.6
2026-09-13 06:35:00+0900,4,2,84.2,BOT,NORMAL,false,ALIVE,measured,,89.7,7.9,2.4
2026-09-13 06:40:00+0900,4,1,82.2,BOT,NORMAL,false,ALIVE,measured,,74.8,8.9,16.3
2026-09-13 06:45:00+0900,4,2,77.3,BOT,LOW,true,ALIVE,measured,,75.2,9.0,15.8
2026-09-13 06:50:00+0900,4,1,90.8,MID,NORMAL,false,ALIVE,measured,,80.8,11.9,7.3
2026-09-13 06:55:00+0900,4,2,93.9,MID,NORMAL,false,ALIVE,measured,,50.8,25.9,23.3
2026-09-13 07:00:00+0900,4,1,77.6,BOT,LOW,true,ALIVE,measured,,84.3,8.4,7.3
2026-09-13 07:05:00+0900,4,2,88.1,MID,NORMAL,false,ALIVE,measured,,59.9,26.3,13.8
2026-09-13 07:10:00+0900,4,1,89.1,MID,NORMAL,false,ALIVE,measured,,53.4,29.4,17.2
2026-09-13 07:15:00+0900,4,2,89.0,MID,NORMAL,false,ALIVE,measured,,85.6,11.6,2.8
2026-09-13 07:20:00+0900,4,1,95.5,MID,NORMAL,false,ALIVE,measured,,56.8,39.3,3.9
2026-09-13 07:25:00+0900,4,2,107.5,MID,NORMAL,false,ALIVE,measured,,81.1,12.5,6.4
2026-09-13 07:30:00+0900,4,1,95.3,MID,NORMAL,false,ALIVE,measured,,78.6,19.1,2.3
2026-09-13 07:35:00+0900,4,2,103.8,MID,NORMAL,false,ALIVE,measured,,88.0,7.2,4.8
2026-09-13 07:40:00+0900,4,1,105.6,MID,NORMAL,false,ALIVE,measured,,82.0,13.4,4.6
2026-09-13 07:45:00+0900,4,2,102.7,MID,NORMAL,false,ALIVE,measured,,90.9,7.1,2.0
2026-09-13 07:50:00+0900,4,1,117.7,TOP,NORMAL,false,ALIVE,measured,,80.7,15.9,3.4
2026-09-13 07:55:00+0900,4,2,113.5,MID,NORMAL,false,ALIVE,measured,,52.7,33.5,13.8
2026-09-13 08:00:00+0900,4,1,95.8,MID,NORMAL,false,ALIVE,measured,,42.0,36.6,21.4
2026-09-13 08:05:00+0900,4,2,107.8,MID,NORMAL,false,ALIVE,measured,,88.8,7.2,4.0
2026-09-13 08:10:00+0900,4,1,101.1,MID,NORMAL,false,ALIVE,measured,,76.4,20.8,2.8
2026-09-13 08:15:00+0900,4,2,109.2,MID,NORMAL,false,ALIVE,measured,,75.5,8.9,15.6
2026-09-13 08:20:00+0900,4,1,119.2,TOP,HIGH,true,ALIVE,measured,,89.9,8.1,2.0
2026-09-13 08:25:00+0900,4,2,113.9,MID,NORMAL,true,ALIVE,measured,,21.4,24.8,53.8
2026-09-13 08:30:00+0900,4,1,108.3,MID,NORMAL,false,ALIVE,measured,,86.6,10.7,2.7
2026-09-13 08:35:00+0900,4,2,104.9,MID,NORMAL,false,ALIVE,measured,,45.4,37.3,17.3
2026-09-13 08:40:00+0900,4,1,116.6,TOP,NORMAL,false,ALIVE,measured,,80.4,14.5,5.1
2026-09-13 08:45:00+0900,4,2,82.6,BOT,NORMAL,false,ALIVE,measured,,78.2,15.7,6.1
2026-09-13 08:50:00+0900,4,1,109.5,MID,NORMAL,false,ALIVE,measured,,73.0,14.0,13.0
2026-09-13 08:55:00+0900,4,2,103.9,MID,NORMAL,false,ALIVE,measured,,56.4,34.2,9.4
2026-09-13 09:00:00+0900,4,1,98.3,MID,NORMAL,false,ALIVE,measured,,73.1,20.7,6.2
2026-09-13 09:05:00+0900,4,2,114.6,MID,NORMAL,false,ALIVE,measured,,83.1,8.7,8.2
2026-09-13 09:10:00+0900,4,1,102.5,MID,NORMAL,false,ALIVE,measured,,52.0,26.8,21.2
2026-09-13 09:15:00+0900,4,2,96.6,MID,NORMAL,false,ALIVE,measured,,82.8,11.5,5.7
2026-09-13 09:20:00+0900,4,1,103.6,MID,NORMAL,false,ALIVE,measured,,75.1,18.9,6.0
2026-09-13 09:25:00+0900,4,2,113.6,MID,NORMAL,false,ALIVE,measured,,80.6,16.5,2.9
2026-09-13 09:30:00+0900,4,1,88.7,MID,NORMAL,false,ALIVE,measured,,85.1,8.1,6.8
2026-09-13 09:35:00+0900,4,2,98.0,MID,NORMAL,false,ALIVE,measured,,76.8,12.8,10.4
2026-09-13 09:40:00+0900,4,1,91.8,MID,NORMAL,false,ALIVE,measured,,81.5,14.8,3.7
2026-09-13 09:45:00+0900,4,2,96.8,MID,NORMAL,false,ALIVE,measured,,77.5,9.5,13.0
2026-09-13 09:50:00+0900,4,1,122.2,TOP,HIGH,true,ALIVE,measured,,87.7,8.3,4.0
2026-09-13 09:55:00+0900,4,2,95.1,MID,NORMAL,false,ALIVE,measured,,84.6,11.1,4.3
2026-09-13 10:00:00+0900,4,1,114.1,MID,NORMAL,false,ALIVE,measured,,58.4,34.4,7.2
2026-09-13 10:05:00+0900,4,2,101.1,MID,NORMAL,false,ALIVE,measured,,75.0,14.3,10.7
2026-09-13 10:10:00+0900,4,1,101.9,MID,NORMAL,false,ALIVE,measured,,81.4,13.0,5.6
2026-09-13 10:15:00+0900,4,2,103.7,MID,NORMAL,false,ALIVE,measured,,77.9,14.3,7.8
2026-09-13 10:20:00+0900,4,1,103.2,MID,NORMAL,false,ALIVE,measured,,82.9,12.8,4.3
2026-09-13 10:25:00+0900,4,2,113.1,MID,NORMAL,false,ALIVE,measured,,61.8,30.1,8.1
2026-09-13 10:30:00+0900,4,1,110.2,MID,NORMAL,false,ALIVE,measured,,57.6,36.9,5.5
2026-09-13 10:35:00+0900,4,2,111.7,MID,NORMAL,false,ALIVE,measured,,84.1,10.3,5.6
2026-09-13 10:40:00+0900,4,1,110.6,MID,NORMAL,false,ALIVE,measured,,84.2,8.9,6.9
2026-09-13 10:45:00+0900,4,2,105.7,MID,NORMAL,false,ALIVE,measured,,77.1,14.9,8.0
2026-09-13 10:50:00+0900,4,1,104.9,MID,NORMAL,false,ALIVE,measured,,78.3,15.2,6.5
2026-09-13 10:55:00+0900,4,2,107.1,MID,NORMAL,false,ALIVE,measured,,52.9,41.1,6.0
2026-09-13 11:00:00+0900,4,1,102.7,MID,NORMAL,false,ALIVE,measured,,80.5,13.5,6.0
2026-09-13 11:05:00+0900,4,2,103.0,MID,NORMAL,false,ALIVE,measured,,77.9,16.2,5.9
2026-09-13 11:10:00+0900,4,1,105.4,MID,NORMAL,false,ALIVE,measured,,88.5,8.3,3.2
2026-09-13 11:15:00+0900,4,2,89.3,MID,NORMAL,false,ALIVE,measured,,50.1,25.8,24.1
2026-09-13 11:20:00+0900,4,1,107.3,MID,NORMAL,false,ALIVE,measured,,74.4,8.3,17.3
2026-09-13 11:25:00+0900,4,2,105.9,MID,NORMAL,false,ALIVE,measured,,78.6,12.7,8.7
2026-09-13 11:30:00+0900,4,1,111.1,MID,NORMAL,false,ALIVE,measured,,81.7,14.3,4.0
2026-09-13 11:35:00+0900,4,2,101.3,MID,NORMAL,false,ALIVE,measured,,84.0,8.4,7.6
2026-09-13 11:40:00+0900,4,1,95.6,MID,NORMAL,false,ALIVE,measured,,59.6,33.8,6.6
2026-09-13 11:45:00+0900,4,2,107.4,MID,NORMAL,false,ALIVE,measured,,46.4,33.0,20.6
2026-09-13 11:50:00+0900,4,1,93.5,MID,NORMAL,false,ALIVE,measured,,72.5,16.8,10.7
2026-09-13 11:55:00+0900,4,2,112.8,MID,NORMAL,false,ALIVE,measured,,80.4,11.1,8.5
2026-09-13 12:00:00+0900,4,1,105.8,MID,NORMAL,false,ALIVE,measured,,56.6,26.2,17.2
2026-09-13 12:05:00+0900,4,2,88.7,MID,NORMAL,false,ALIVE,measured,,49.6,33.9,16.5
2026-09-13 12:10:00+0900,4,1,100.9,MID,NORMAL,false,ALIVE,measured,,73.0,15.4,11.6
2026-09-13 12:15:00+0900,4,2,100.9,MID,NORMAL,false,ALIVE,measured,,81.8,14.3,3.9
2026-09-13 12:20:00+0900,4,1,93.4,MID,NORMAL,false,ALIVE,measured,,80.3,9.7,10.0
2026-09-13 12:25:00+0900,4,2,104.3,MID,NORMAL,false,ALIVE,measured,,84.4,9.5,6.1
2026-09-13 12:30:00+0900,4,1,99.4,MID,NORMAL,true,ALIVE,measured,,21.1,20.3,58.6
2026-09-13 12:35:00+0900,4,2,87.3,MID,NORMAL,false,ALIVE,measured,,86.7,10.3,3.0
2026-09-13 12:40:00+0900,4,1,108.7,MID,NORMAL,false,ALIVE,measured,,80.2,9.0,10.8
2026-09-13 12:45:00+0900,4,2,107.1,MID,NORMAL,false,ALIVE,measured,,78.2,16.4,5.4
2026-09-13 12:50:00+0900,4,1,99.8,MID,NORMAL,true,ALIVE,measured,,38.2,33.3,28.5
2026-09-13 12:55:00+0900,4,2,103.2,MID,NORMAL,false,ALIVE,measured,,85.9,8.0,6.1
2026-09-13 13:00:00+0900,4,1,109.8,MID,NORMAL,false,ALIVE,measured,,59.7,25.4,14.9
2026-09-13 13:05:00+0900,4,2,98.3,MID,NORMAL,true,ALIVE,measured,,36.3,32.2,31.5
2026-09-13 13:10:00+0900,4,1,111.4,MID,NORMAL,true,ALIVE,measured,,31.1,28.4,40.5
2026-09-13 13:15:00+0900,4,2,112.9,MID,NORMAL,true,ALIVE,measured,,36.5,22.5,41.0
2026-09-13 13:20:00+0900,4,1,92.1,MID,NORMAL,true,ALIVE,measured,,26.2,22.9,50.9
2026-09-13 13:25:00+0900,4,2,96.9,MID,NORMAL,false,ALIVE,measured,,77.6,12.0,10.4
2026-09-13 13:30:00+0900,4,1,102.9,MID,NORMAL,false,ALIVE,measured,,75.6,15.7,8.7
2026-09-13 13:35:00+0900,4,2,107.7,MID,NORMAL,false,ALIVE,measured,,88.8,8.5,2.7
2026-09-13 13:40:00+0900,4,1,91.3,MID,NORMAL,false,ALIVE,measured,,73.1,20.7,6.2
2026-09-13 13:45:00+0900,4,2,107.0,MID,NORMAL,false,ALIVE,measured,,62.9,34.5,2.6
2026-09-13 13:50:00+0900,4,1,96.4,MID,NORMAL,false,ALIVE,measured,,86.9,10.3,2.8
2026-09-13 13:55:00+0900,4,2,112.6,MID,NORMAL,false,ALIVE,measured,,60.2,31.5,8.3
2026-09-13 14:00:00+0900,4,1,98.3,MID,NORMAL,false,ALIVE,measured,,62.8,31.6,5.6
2026-09-13 14:05:00+0900,4,2,109.1,MID,NORMAL,false,ALIVE,measured,,59.7,30.0,10.3
2026-09-13 14:10:00+0900,4,1,100.1,MID,NORMAL,false,ALIVE,measured,,52.7,32.4,14.9
2026-09-13 14:15:00+0900,4,2,100.5,MID,NORMAL,false,ALIVE,measured,,87.7,9.4,2.9
2026-09-13 14:20:00+0900,4,1,93.4,MID,NORMAL,true,ALIVE,measured,,22.3,22.0,55.7
2026-09-13 14:25:00+0900,4,2,109.3,MID,NORMAL,false,ALIVE,measured,,90.1,7.6,2.3
2026-09-13 14:30:00+0900,4,1,98.7,MID,NORMAL,false,ALIVE,measured,,72.5,9.1,18.4
2026-09-13 14:35:00+0900,4,2,112.3,MID,NORMAL,false,ALIVE,measured,,86.8,9.3,3.9
2026-09-13 14:40:00+0900,4,1,101.0,MID,NORMAL,false,ALIVE,measured,,81.6,9.4,9.0
2026-09-13 14:45:00+0900,4,2,104.7,MID,NORMAL,true,ALIVE,measured,,21.6,33.2,45.2
2026-09-13 14:50:00+0900,4,1,104.0,MID,NORMAL,false,ALIVE,measured,,84.3,7.7,8.0
2026-09-13 14:55:00+0900,4,2,106.2,MID,NORMAL,false,ALIVE,measured,,86.7,9.2,4.1
2026-09-13 15:00:00+0900,4,1,109.2,MID,NORMAL,false,ALIVE,measured,,73.9,21.4,4.7
2026-09-13 15:05:00+0900,4,2,95.2,MID,NORMAL,false,ALIVE,measured,,86.9,8.4,4.7
2026-09-13 15:10:00+0900,4,1,97.6,MID,NORMAL,false,ALIVE,measured,,78.1,7.0,14.9
2026-09-13 15:15:00+0900,4,2,107.0,MID,NORMAL,false,ALIVE,measured,,88.1,8.0,3.9
2026-09-13 15:20:00+0900,4,1,107.8,MID,NORMAL,false,ALIVE,measured,,45.1,40.3,14.6
2026-09-13 15:25:00+0900,4,2,99.6,MID,NORMAL,false,ALIVE,measured,,54.3,25.8,19.9
2026-09-13 15:30:00+0900,4,1,108.3,MID,NORMAL,false,ALIVE,measured,,81.6,11.7,6.7
2026-09-13 15:35:00+0900,4,2,98.8,MID,NORMAL,false,ALIVE,measured,,83.5,8.0,8.5
2026-09-13 15:40:00+0900,4,1,102.8,MID,NORMAL,false,ALIVE,measured,,87.9,7.7,4.4
2026-09-13 15:45:00+0900,4,2,103.1,MID,NORMAL,false,ALIVE,measured,,90.2,7.5,2.3
2026-09-13 15:50:00+0900,4,1,106.5,MID,NORMAL,false,ALIVE,measured,,80.6,15.9,3.5
2026-09-13 15:55:00+0900,4,2,103.6,MID,NORMAL,false,ALIVE,measured,,86.6,8.5,4.9
2026-09-13 16:00:00+0900,4,1,106.4,MID,NORMAL,true,ALIVE,measured,,35.7,32.4,31.9
2026-09-13 16:05:00+0900,4,2,103.1,MID,NORMAL,false,ALIVE,measured,,89.5,8.0,2.5
2026-09-13 16:10:00+0900,4,1,92.8,MID,NORMAL,false,ALIVE,measured,,84.9,12.8,2.3
2026-09-13 16:15:00+0900,4,2,99.6,MID,NORMAL,false,ALIVE,measured,,52.5,36.8,10.7
2026-09-13 16:20:00+0900,4,1,112.7,MID,NORMAL,false,ALIVE,measured,,73.9,20.7,5.4
2026-09-13 16:25:00+0900,4,2,100.5,MID,NORMAL,false,ALIVE,measured,,54.7,25.1,20.2
2026-09-13 16:30:00+0900,4,1,111.0,MID,NORMAL,false,ALIVE,measured,,63.5,26.5,10.0
2026-09-13 16:35:00+0900,4,2,97.7,MID,NORMAL,false,ALIVE,measured,,62.8,26.4,10.8
2026-09-13 16:40:00+0900,4,1,111.6,MID,NORMAL,false,ALIVE,measured,,52.2,37.6,10.2
2026-09-13 16:45:00+0900,4,2,96.3,MID,NORMAL,false,ALIVE,measured,,44.7,30.5,24.8
2026-09-13 16:50:00+0900,4,1,101.5,MID,NORMAL,false,ALIVE,measured,,78.1,9.0,12.9
2026-09-13 16:55:00+0900,4,2,108.5,MID,NORMAL,false,ALIVE,measured,,85.3,12.4,2.3
2026-09-13 17:00:00+0900,4,1,106.0,MID,NORMAL,false,ALIVE,measured,,87.5,9.0,3.5
2026-09-13 17:05:00+0900,4,2,107.6,MID,NORMAL,false,ALIVE,measured,,76.5,15.6,7.9
2026-09-13 17:10:00+0900,4,1,106.0,MID,NORMAL,false,ALIVE,measured,,88.0,9.2,2.8
2026-09-13 17:15:00+0900,4,2,112.9,MID,NORMAL,false,ALIVE,measured,,81.5,14.8,3.7
2026-09-13 17:20:00+0900,4,1,118.5,TOP,HIGH,true,ALIVE,measured,,78.2,9.7,12.1
2026-09-13 17:25:00+0900,4,2,100.5,MID,NORMAL,false,ALIVE,measured,,81.6,11.3,7.1
2026-09-13 17:30:00+0900,4,1,109.1,MID,NORMAL,false,ALIVE,measured,,45.2,25.1,29.7
2026-09-13 17:35:00+0900,4,2,127.6,TOP,HIGH,true,ALIVE,measured,,81.8,13.1,5.1
2026-09-13 17:40:00+0900,4,1,114.3,MID,NORMAL,false,ALIVE,measured,,81.4,11.1,7.5
2026-09-13 17:45:00+0900,4,2,116.9,TOP,NORMAL,false,ALIVE,measured,,44.6,25.8,29.6
2026-09-13 17:50:00+0900,4,1,133.4,TOP,HIGH,true,ALIVE,measured,,75.7,7.5,16.8
2026-09-13 17:55:00+0900,4,2,127.1,TOP,HIGH,true,ALIVE,measured,,74.6,15.3,10.1
2026-09-13 18:00:00+0900,4,1,142.0,TOP,HIGH,true,ALIVE,measured,,72.9,14.7,12.4
2026-09-13 18:05:00+0900,4,2,130.1,TOP,HIGH,true,ALIVE,measured,,74.6,10.7,14.7
2026-09-13 18:10:00+0900,4,1,115.1,TOP,NORMAL,false,ALIVE,measured,,79.8,12.6,7.6
2026-09-13 18:15:00+0900,4,2,129.8,TOP,HIGH,true,ALIVE,measured,,73.8,7.7,18.5
2026-09-13 18:20:00+0900,4,1,116.5,TOP,NORMAL,false,ALIVE,measured,,43.3,34.4,22.3
2026-09-13 18:25:00+0900,4,2,119.5,TOP,HIGH,true,ALIVE,measured,,79.1,10.7,10.2
2026-09-13 18:30:00+0900,4,1,130.0,TOP,HIGH,true,ALIVE,measured,,77.7,9.8,12.5
2026-09-13 18:35:00+0900,4,2,126.6,TOP,HIGH,true,ALIVE,measured,,83.4,12.0,4.6
2026-09-13 18:40:00+0900,4,1,120.3,TOP,HIGH,true,ALIVE,measured,,63.5,32.5,4.0
2026-09-13 18:45:00+0900,4,2,112.2,MID,NORMAL,false,ALIVE,measured,,88.2,9.4,2.4
2026-09-13 18:50:00+0900,4,1,111.6,MID,NORMAL,false,ALIVE,measured,,79.7,10.1,10.2
2026-09-13 18:55:00+0900,4,2,119.1,TOP,HIGH,true,ALIVE,measured,,42.9,36.2,20.9
2026-09-13 19:00:00+0900,4,1,104.5,MID,NORMAL,false,ALIVE,measured,,90.8,7.0,2.2
2026-09-13 19:05:00+0900,4,2,105.5,MID,NORMAL,false,ALIVE,measured,,73.4,16.6,10.0
2026-09-13 19:10:00+0900,4,1,117.4,TOP,NORMAL,false,ALIVE,measured,,82.6,12.0,5.4
2026-09-13 19:15:00+0900,4,2,115.5,TOP,NORMAL,false,ALIVE,measured,,84.1,7.5,8.4
2026-09-13 19:20:00+0900,4,1,109.8,MID,NORMAL,false,ALIVE,measured,,74.2,11.4,14.4
2026-09-13 19:25:00+0900,4,2,114.9,MID,NORMAL,false,ALIVE,measured,,78.5,7.6,13.9
2026-09-13 19:30:00+0900,4,1,119.3,TOP,HIGH,true,ALIVE,measured,,87.6,9.5,2.9
2026-09-13 19:35:00+0900,4,2,110.4,MID,NORMAL,true,ALIVE,measured,,31.1,29.8,39.1
2026-09-13 19:40:00+0900,4,1,107.8,MID,NORMAL,true,ALIVE,measured,,24.1,20.7,55.2
2026-09-13 19:45:00+0900,4,2,121.4,TOP,HIGH,true,ALIVE,measured,,42.5,27.5,30.0
2026-09-13 19:50:00+0900,4,1,100.9,MID,NORMAL,false,ALIVE,measured,,60.8,36.8,2.4
2026-09-13 19:55:00+0900,4,2,112.0,MID,NORMAL,false,ALIVE,measured,,81.1,8.8,10.1
2026-09-13 20:00:00+0900,4,1,135.4,TOP,HIGH,true,ALIVE,measured,,90.3,7.0,2.7
2026-09-13 20:05:00+0900,4,2,115.3,TOP,NORMAL,false,ALIVE,measured,,59.0,27.9,13.1
2026-09-13 20:10:00+0900,4,1,104.6,MID,NORMAL,false,ALIVE,measured,,74.5,20.3,5.2
2026-09-13 20:15:00+0900,4,2,99.9,MID,NORMAL,false,ALIVE,measured,,76.4,17.3,6.3
2026-09-13 20:20:00+0900,4,1,107.5,MID,NORMAL,false,ALIVE,measured,,77.0,20.7,2.3
2026-09-13 20:25:00+0900,4,2,127.5,TOP,HIGH,true,ALIVE,measured,,74.2,21.7,4.1
2026-09-13 20:30:00+0900,4,1,99.2,MID,NORMAL,false,ALIVE,measured,,88.0,8.3,3.7
2026-09-13 20:35:00+0900,4,2,114.7,MID,NORMAL,false,ALIVE,measured,,76.6,20.4,3.0
2026-09-13 20:40:00+0900,4,1,101.0,MID,NORMAL,false,ALIVE,measured,,73.9,13.9,12.2
2026-09-13 20:45:00+0900,4,2,109.4,MID,NORMAL,false,ALIVE,measured,,79.8,13.6,6.6
2026-09-13 20:50:00+0900,4,1,110.6,MID,NORMAL,false,ALIVE,measured,,73.7,11.8,14.5
2026-09-13 20:55:00+0900,4,2,107.9,MID,NORMAL,false,ALIVE,measured,,83.1,13.3,3.6
2026-09-13 21:00:00+0900,5,1,109.5,MID,NORMAL,false,ALIVE,measured,,88.6,8.2,3.2
2026-09-13 21:05:00+0900,5,2,102.4,MID,NORMAL,false,ALIVE,measured,,73.6,14.0,12.4
2026-09-13 21:10:00+0900,5,1,104.3,MID,NORMAL,false,ALIVE,measured,,54.7,31.0,14.3
2026-09-13 21:15:00+0900,5,2,113.2,MID,NORMAL,true,ALIVE,measured,,36.8,28.6,34.6
2026-09-13 21:20:00+0900,5,1,93.8,MID,NORMAL,false,ALIVE,measured,,79.8,7.6,12.6
2026-09-13 21:25:00+0900,5,2,94.8,MID,NORMAL,false,ALIVE,measured,,83.5,14.0,2.5
2026-09-13 21:30:00+0900,5,1,109.1,MID,NORMAL,false,ALIVE,measured,,49.8,28.4,21.8
2026-09-13 21:35:00+0900,5,2,99.1,MID,NORMAL,true,ALIVE,measured,,21.5,27.4,51.1
2026-09-13 21:40:00+0900,5,1,103.5,MID,NORMAL,false,ALIVE,measured,,44.7,32.5,22.8
2026-09-13 21:45:00+0900,5,2,112.1,MID,NORMAL,false,ALIVE,measured,,88.1,9.5,2.4
2026-09-13 21:50:00+0900,5,1,96.8,MID,NORMAL,false,ALIVE,measured,,89.2,7.0,3.8
2026-09-13 21:55:00+0900,5,2,105.2,MID,NORMAL,false,ALIVE,measured,,87.7,8.6,3.7
2026-09-13 22:00:00+0900,5,1,101.9,MID,NORMAL,false,ALIVE,measured,,81.9,11.4,6.7
2026-09-13 22:05:00+0900,5,2,98.0,MID,NORMAL,false,ALIVE,measured,,83.5,11.6,4.9
2026-09-13 22:10:00+0900,5,1,103.9,MID,NORMAL,false,ALIVE,measured,,79.0,15.1,5.9
2026-09-13 22:15:00+0900,5,2,107.7,MID,NORMAL,false,ALIVE,measured,,82.8,13.9,3.3
2026-09-13 22:20:00+0900,5,1,106.4,MID,NORMAL,false,ALIVE,measured,,45.8,28.8,25.4
2026-09-13 22:25:00+0900,5,2,93.5,MID,NORMAL,false,ALIVE,measured,,87.8,9.1,3.1
2026-09-13 22:30:00+0900,5,1,90.1,MID,NORMAL,false,ALIVE,measured,,90.9,7.0,2.1
2026-09-13 22:35:00+0900,5,2,91.5,MID,NORMAL,false,ALIVE,measured,,53.5,27.7,18.8
2026-09-13 22:40:00+0900,5,1,93.1,MID,NORMAL,false,ALIVE,measured,,49.6,37.2,13.2
2026-09-13 22:45:00+0900,5,2,98.4,MID,NORMAL,false,ALIVE,measured,,86.6,9.2,4.2
2026-09-13 22:50:00+0900,5,1,107.6,MID,NORMAL,false,ALIVE,measured,,80.1,12.7,7.2
2026-09-13 22:55:00+0900,5,2,93.2,MID,NORMAL,false,ALIVE,measured,,59.8,31.7,8.5
2026-09-13 23:00:00+0900,5,1,102.6,MID,NORMAL,false,ALIVE,measured,,88.3,8.3,3.4
2026-09-13 23:05:00+0900,5,2,91.3,MID,NORMAL,false,ALIVE,measured,,72.7,14.3,13.0
2026-09-13 23:10:00+0900,5,1,88.5,MID,NORMAL,false,ALIVE,measured,,47.1,31.1,21.8
2026-09-13 23:15:00+0900,5,2,93.0,MID,NORMAL,false,ALIVE,measured,,89.4,7.5,3.1
2026-09-13 23:20:00+0900,5,1,97.7,MID,NORMAL,false,ALIVE,measured,,84.6,10.8,4.6
2026-09-13 23:25:00+0900,5,2,83.1,BOT,NORMAL,false,ALIVE,measured,,48.3,29.5,22.2
2026-09-13 23:30:00+0900,5,1,89.8,MID,NORMAL,false,ALIVE,measured,,50.6,33.9,15.5
2026-09-13 23:35:00+0900,5,2,92.5,MID,NORMAL,false,ALIVE,measured,,78.3,9.4,12.3
2026-09-13 23:40:00+0900,5,1,80.3,BOT,NORMAL,false,ALIVE,measured,,72.0,18.1,9.9
2026-09-13 23:45:00+0900,5,2,90.2,MID,NORMAL,false,ALIVE,measured,,87.5,7.1,5.4
2026-09-13 23:50:00+0900,5,1,77.7,BOT,LOW,true,ALIVE,measured,,85.4,8.3,6.3
2026-09-13 23:55:00+0900,5,2,70.9,BOT,LOW,true,ALIVE,measured,,88.0,8.9,3.1
2026-09-14 00:00:00+0900,5,1,90.1,MID,NORMAL,false,ALIVE,measured,,43.5,42.8,13.7
2026-09-14 00:05:00+0900,5,2,76.1,BOT,LOW,true,ALIVE,measured,,79.0,12.3,8.7
2026-09-14 00:10:00+0900,5,1,82.4,BOT,NORMAL,false,ALIVE,measured,,63.5,26.1,10.4
2026-09-14 00:15:00+0900,5,2,90.8,MID,NORMAL,false,ALIVE,measured,,76.4,19.6,4.0
2026-09-14 00:20:00+0900,5,1,73.7,BOT,LOW,true,ALIVE,measured,,75.4,9.1,15.5
2026-09-14 00:25:00+0900,5,2,82.4,BOT,NORMAL,false,ALIVE,measured,,73.1,21.7,5.2
2026-09-14 00:30:00+0900,5,1,69.1,BOT,LOW,true,ALIVE,measured,,44.6,32.6,22.8
2026-09-14 00:35:00+0900,5,2,69.9,BOT,LOW,true,ALIVE,measured,,74.5,15.9,9.6
2026-09-14 00:40:00+0900,5,1,75.1,BOT,LOW,true,ALIVE,measured,,84.5,10.5,5.0
2026-09-14 00:45:00+0900,5,2,74.8,BOT,LOW,true,ALIVE,measured,,47.4,37.6,15.0
2026-09-14 00:50:00+0900,5,1,73.4,BOT,LOW,true,ALIVE,measured,,48.8,38.7,12.5
2026-09-14 00:55:00+0900,5,2,64.8,BOT,LOW,true,ALIVE,measured,,90.6,7.1,2.3
2026-09-14 01:00:00+0900,5,1,68.2,BOT,LOW,true,ALIVE,measured,,56.1,26.8,17.1
2026-09-14 01:05:00+0900,5,2,80.6,BOT,NORMAL,false,ALIVE,measured,,83.3,9.8,6.9
2026-09-14 01:10:00+0900,5,1,84.6,BOT,NORMAL,false,ALIVE,measured,,88.1,9.5,2.4
2026-09-14 01:15:00+0900,5,2,65.7,BOT,LOW,true,ALIVE,measured,,81.8,7.7,10.5
2026-09-14 01:20:00+0900,5,1,80.5,BOT,NORMAL,false,ALIVE,measured,,87.7,7.2,5.1
2026-09-14 01:25:00+0900,5,2,65.1,BOT,LOW,true,ALIVE,measured,,24.9,29.6,45.5
2026-09-14 01:30:00+0900,5,1,64.3,BOT,LOW,true,ALIVE,measured,,75.5,21.8,2.7
2026-09-14 01:35:00+0900,5,2,72.4,BOT,LOW,true,ALIVE,measured,,82.0,11.4,6.6
2026-09-14 01:40:00+0900,5,1,72.0,BOT,LOW,true,ALIVE,measured,,85.5,12.3,2.2
2026-09-14 01:45:00+0900,5,2,59.9,BOT,LOW,true,ALIVE,measured,,90.8,7.2,2.0
2026-09-14 01:50:00+0900,5,1,66.4,BOT,LOW,true,ALIVE,measured,,86.7,7.1,6.2
2026-09-14 01:55:00+0900,5,2,72.8,BOT,LOW,true,ALIVE,measured,,78.9,18.7,2.4
2026-09-14 02:00:00+0900,5,1,61.6,BOT,LOW,true,ALIVE,measured,,86.9,7.4,5.7
2026-09-14 02:05:00+0900,5,2,66.4,BOT,LOW,true,ALIVE,measured,,87.6,9.3,3.1
2026-09-14 02:10:00+0900,5,1,63.2,BOT,LOW,true,ALIVE,measured,,89.6,7.9,2.5
2026-09-14 02:15:00+0900,5,2,70.6,BOT,LOW,true,ALIVE,measured,,79.2,12.5,8.3
2026-09-14 02:20:00+0900,5,1,63.0,BOT,LOW,true,ALIVE,measured,,58.1,25.5,16.4
2026-09-14 02:25:00+0900,5,2,65.8,BOT,LOW,true,ALIVE,measured,,73.0,11.3,15.7
2026-09-14 02:30:00+0900,5,1,73.6,BOT,LOW,true,ALIVE,measured,,90.3,7.2,2.5
2026-09-14 02:35:00+0900,5,2,63.2,BOT,LOW,true,ALIVE,measured,,75.8,8.9,15.3
2026-09-14 02:40:00+0900,5,1,60.4,BOT,LOW,true,ALIVE,measured,,63.1,33.9,3.0
2026-09-14 02:45:00+0900,5,2,80.4,BOT,NORMAL,false,ALIVE,measured,,57.3,33.7,9.0
2026-09-14 02:50:00+0900,5,1,62.9,BOT,LOW,true,ALIVE,measured,,73.0,19.8,7.2
2026-09-14 02:55:00+0900,5,2,73.5,BOT,LOW,true,ALIVE,measured,,84.1,13.4,2.5
2026-09-14 03:00:00+0900,5,1,58.5,BOT,LOW,true,ALIVE,measured,,72.5,16.5,11.0
2026-09-14 03:05:00+0900,5,2,67.4,BOT,LOW,true,ALIVE,measured,,82.2,10.3,7.5
2026-09-14 03:10:00+0900,5,1,61.9,BOT,LOW,true,ALIVE,measured,,56.6,29.0,14.4
2026-09-14 03:15:00+0900,5,2,67.2,BOT,LOW,true,ALIVE,measured,,53.6,30.7,15.7
2026-09-14 03:20:00+0900,5,1,58.5,BOT,LOW,true,ALIVE,measured,,45.1,28.8,26.1
2026-09-14 03:25:00+0900,5,2,69.8,BOT,LOW,true,ALIVE,measured,,53.1,36.9,10.0
2026-09-14 03:30:00+0900,5,1,55.3,BOT,LOW,true,ALIVE,measured,,76.9,16.8,6.3
2026-09-14 03:35:00+0900,5,2,56.1,BOT,LOW,true,ALIVE,measured,,89.4,7.5,3.1
2026-09-14 03:40:00+0900,5,1,55.0,BOT,LOW,true,ALIVE,measured,,35.8,32.7,31.5
2026-09-14 03:45:00+0900,5,2,71.9,BOT,LOW,true,ALIVE,measured,,78.6,8.1,13.3
2026-09-14 03:50:00+0900,5,1,67.7,BOT,LOW,true,ALIVE,measured,,86.0,10.8,3.2
2026-09-14 03:55:00+0900,5,2,85.4,MID,NORMAL,false,ALIVE,measured,,44.0,39.3,16.7
2026-09-14 04:00:00+0900,5,1,75.1,BOT,LOW,true,ALIVE,measured,,39.2,33.4,27.4
2026-09-14 04:05:00+0900,5,2,63.1,BOT,LOW,true,ALIVE,measured,,83.5,10.2,6.3
2026-09-14 04:10:00+0900,5,1,68.5,BOT,LOW,true,ALIVE,measured,,83.7,8.2,8.1
2026-09-14 04:15:00+0900,5,2,57.9,BOT,LOW,true,ALIVE,measured,,88.0,8.1,3.9
2026-09-14 04:20:00+0900,5,1,56.4,BOT,LOW,true,ALIVE,measured,,89.7,7.9,2.4
2026-09-14 04:25:00+0900,5,2,73.7,BOT,LOW,true,ALIVE,measured,,75.3,14.3,10.4
2026-09-14 04:30:00+0900,5,1,78.9,BOT,NORMAL,false,ALIVE,measured,,79.5,17.4,3.1
2026-09-14 04:35:00+0900,5,2,62.3,BOT,LOW,true,ALIVE,measured,,77.8,14.3,7.9
2026-09-14 04:40:00+0900,5,1,80.4,BOT,NORMAL,false,ALIVE,measured,,80.4,7.0,12.6
2026-09-14 04:45:00+0900,5,2,74.9,BOT,LOW,true,ALIVE,measured,,82.9,14.1,3.0
2026-09-14 04:50:00+0900,5,1,76.3,BOT,LOW,true,ALIVE,measured,,87.6,8.3,4.1
2026-09-14 04:55:00+0900,5,2,70.0,BOT,LOW,true,ALIVE,measured,,85.7,11.5,2.8
2026-09-14 05:00:00+0900,5,1,66.5,BOT,LOW,true,ALIVE,measured,,48.0,25.7,26.3
2026-09-14 05:05:00+0900,5,2,59.5,BOT,LOW,true,ALIVE,measured,,59.2,29.7,11.1
2026-09-14 05:10:00+0900,5,1,70.8,BOT,LOW,true,ALIVE,measured,,86.8,10.2,3.0
2026-09-14 05:15:00+0900,5,2,68.9,BOT,LOW,true,ALIVE,measured,,80.0,16.0,4.0
2026-09-14 05:20:00+0900,5,1,66.1,BOT,LOW,true,ALIVE,measured,,74.9,12.3,12.8
2026-09-14 05:25:00+0900,5,2,67.8,BOT,LOW,true,ALIVE,measured,,38.1,29.3,32.6
2026-09-14 05:30:00+0900,5,1,79.3,BOT,NORMAL,false,ALIVE,measured,,88.3,7.5,4.2
2026-09-14 05:35:00+0900,5,2,79.2,BOT,NORMAL,false,ALIVE,measured,,74.7,15.6,9.7
2026-09-14 05:40:00+0900,5,1,81.8,BOT,NORMAL,false,ALIVE,measured,,74.5,16.1,9.4
2026-09-14 05:45:00+0900,5,2,70.8,BOT,LOW,true,ALIVE,measured,,46.0,42.6,11.4
2026-09-14 05:50:00+0900,5,1,75.8,BOT,LOW,true,ALIVE,measured,,90.4,7.0,2.6
2026-09-14 05:55:00+0900,5,2,72.5,BOT,LOW,true,ALIVE,measured,,78.3,13.8,7.9
2026-09-14 06:00:00+0900,5,1,79.7,BOT,NORMAL,false,ALIVE,measured,,89.6,8.0,2.4
2026-09-14 06:05:00+0900,5,2,84.1,BOT,NORMAL,true,ALIVE,measured,,18.3,31.8,49.9
2026-09-14 06:10:00+0900,5,1,84.1,BOT,NORMAL,false,ALIVE,measured,,78.0,8.9,13.1
2026-09-14 06:15:00+0900,5,2,80.5,BOT,NORMAL,false,ALIVE,measured,,77.6,18.8,3.6
2026-09-14 06:20:00+0900,5,1,75.8,BOT,LOW,true,ALIVE,measured,,59.6,32.8,7.6
2026-09-14 06:25:00+0900,5,2,71.6,BOT,LOW,true,ALIVE,measured,,81.9,13.1,5.0
2026-09-14 06:30:00+0900,5,1,70.7,BOT,LOW,true,ALIVE,measured,,80.1,14.5,5.4
2026-09-14 06:35:00+0900,5,2,83.3,BOT,NORMAL,false,ALIVE,measured,,86.1,8.9,5.0
2026-09-14 06:40:00+0900,5,1,84.5,BOT,NORMAL,false,ALIVE,measured,,49.9,29.8,20.3
2026-09-14 06:45:00+0900,5,2,73.7,BOT,LOW,true,ALIVE,measured,,54.2,36.0,9.8
2026-09-14 06:50:00+0900,5,1,77.2,BOT,LOW,true,ALIVE,measured,,85.0,8.7,6.3
2026-09-14 06:55:00+0900,5,2,80.5,BOT,NORMAL,false,ALIVE,measured,,74.9,18.5,6.6
2026-09-14 07:00:00+0900,5,1,87.8,MID,NORMAL,false,ALIVE,measured,,56.6,38.6,4.8
2026-09-14 07:05:00+0900,5,2,104.6,MID,NORMAL,false,ALIVE,measured,,82.1,15.6,2.3
2026-09-14 07:10:00+0900,5,1,86.8,MID,NORMAL,false,ALIVE,measured,,59.9,27.2,12.9
2026-09-14 07:15:00+0900,5,2,91.7,MID,NORMAL,false,ALIVE,measured,,43.7,27.2,29.1
2026-09-14 07:20:00+0900,5,1,95.6,MID,NORMAL,false,ALIVE,measured,,81.9,11.0,7.1
2026-09-14 07:25:00+0900,5,2,104.2,MID,NORMAL,false,ALIVE,measured,,83.0,10.7,6.3
2026-09-14 07:30:00+0900,5,1,108.8,MID,NORMAL,false,ALIVE,measured,,73.4,14.0,12.6
2026-09-14 07:35:00+0900,5,2,105.8,MID,NORMAL,false,ALIVE,measured,,85.1,9.1,5.8
2026-09-14 07:40:00+0900,5,1,106.6,MID,NORMAL,false,ALIVE,measured,,52.6,41.3,6.1
2026-09-14 07:45:00+0900,5,2,114.0,MID,NORMAL,false,ALIVE,measured,,58.4,30.2,11.4
2026-09-14 07:50:00+0900,5,1,112.0,MID,NORMAL,false,ALIVE,measured,,55.1,27.6,17.3
2026-09-14 07:55:00+0900,5,2,99.9,MID,NORMAL,false,ALIVE,measured,,86.2,9.7,4.1
2026-09-14 08:00:00+0900,5,1,118.2,TOP,HIGH,true,ALIVE,measured,,42.3,31.7,26.0
2026-09-14 08:05:00+0900,5,2,97.4,MID,NORMAL,false,ALIVE,measured,,83.4,13.7,2.9
2026-09-14 08:10:00+0900,5,1,102.1,MID,NORMAL,false,ALIVE,measured,,60.9,26.4,12.7
2026-09-14 08:15:00+0900,5,2,103.5,MID,NORMAL,false,ALIVE,measured,,81.4,14.0,4.6
2026-09-14 08:20:00+0900,5,1,98.2,MID,NORMAL,false,ALIVE,measured,,85.5,11.7,2.8
2026-09-14 08:25:00+0900,5,2,105.1,MID,NORMAL,false,ALIVE,measured,,79.9,11.1,9.0
2026-09-14 08:30:00+0900,5,1,103.6,MID,NORMAL,true,ALIVE,measured,,36.7,22.0,41.3
2026-09-14 08:35:00+0900,5,2,105.2,MID,NORMAL,false,ALIVE,measured,,79.8,8.9,11.3
2026-09-14 08:40:00+0900,5,1,99.0,MID,NORMAL,false,ALIVE,measured,,85.8,9.1,5.1
2026-09-14 08:45:00+0900,5,2,98.2,MID,NORMAL,false,ALIVE,measured,,81.9,8.5,9.6
2026-09-14 08:50:00+0900,5,1,102.4,MID,NORMAL,false,ALIVE,measured,,44.6,33.2,22.2
2026-09-14 08:55:00+0900,5,2,96.6,MID,NORMAL,false,ALIVE,measured,,83.6,13.9,2.5
2026-09-14 09:00:00+0900,5,1,99.2,MID,NORMAL,false,ALIVE,measured,,57.3,39.7,3.0
2026-09-14 09:05:00+0900,5,2,105.0,MID,NORMAL,false,ALIVE,measured,,86.4,7.3,6.3
2026-09-14 09:10:00+0900,5,1,83.7,BOT,NORMAL,false,ALIVE,measured,,85.6,12.3,2.1
2026-09-14 09:15:00+0900,5,2,103.1,MID,NORMAL,false,ALIVE,measured,,74.3,7.1,18.6
2026-09-14 09:20:00+0900,5,1,87.4,MID,NORMAL,false,ALIVE,measured,,77.8,18.6,3.6
2026-09-14 09:25:00+0900,5,2,89.3,MID,NORMAL,false,ALIVE,measured,,77.1,18.2,4.7
2026-09-14 09:30:00+0900,5,1,105.1,MID,NORMAL,false,ALIVE,measured,,82.7,7.2,10.1
2026-09-14 09:35:00+0900,5,2,103.0,MID,NORMAL,false,ALIVE,measured,,88.2,7.7,4.1
2026-09-14 09:40:00+0900,5,1,96.4,MID,NORMAL,false,ALIVE,measured,,46.0,25.6,28.4
2026-09-14 09:45:00+0900,5,2,92.8,MID,NORMAL,false,ALIVE,measured,,45.5,36.0,18.5
2026-09-14 09:50:00+0900,5,1,96.4,MID,NORMAL,true,ALIVE,measured,,24.5,20.1,55.4
2026-09-14 09:55:00+0900,5,2,99.6,MID,NORMAL,false,ALIVE,measured,,45.7,31.4,22.9
2026-09-14 10:00:00+0900,5,1,100.2,MID,NORMAL,false,ALIVE,measured,,59.0,27.7,13.3
2026-09-14 10:05:00+0900,5,2,118.9,TOP,HIGH,true,ALIVE,measured,,77.7,18.5,3.8
2026-09-14 10:10:00+0900,5,1,99.9,MID,NORMAL,false,ALIVE,measured,,85.6,11.0,3.4
2026-09-14 10:15:00+0900,5,2,96.1,MID,NORMAL,false,ALIVE,measured,,54.6,35.4,10.0
2026-09-14 10:20:00+0900,5,1,83.8,BOT,NORMAL,false,ALIVE,measured,,72.2,17.6,10.2
2026-09-14 10:25:00+0900,5,2,111.5,MID,NORMAL,false,ALIVE,measured,,74.7,12.2,13.1
2026-09-14 10:30:00+0900,5,1,103.0,MID,NORMAL,false,ALIVE,measured,,56.8,30.4,12.8
2026-09-14 10:35:00+0900,5,2,110.3,MID,NORMAL,false,ALIVE,measured,,90.8,7.2,2.0
2026-09-14 10:40:00+0900,5,1,105.4,MID,NORMAL,true,ALIVE,measured,,31.8,20.5,47.7
2026-09-14 10:45:00+0900,5,2,99.1,MID,NORMAL,false,ALIVE,measured,,83.6,7.7,8.7
2026-09-14 10:50:00+0900,5,1,106.9,MID,NORMAL,false,ALIVE,measured,,78.7,14.2,7.1
2026-09-14 10:55:00+0900,5,2,100.4,MID,NORMAL,false,ALIVE,measured,,80.2,15.2,4.6
2026-09-14 11:00:00+0900,5,1,107.3,MID,NORMAL,false,ALIVE,measured,,90.2,7.6,2.2
2026-09-14 11:05:00+0900,5,2,97.8,MID,NORMAL,false,ALIVE,measured,,77.7,13.5,8.8
2026-09-14 11:10:00+0900,5,1,104.5,MID,NORMAL,false,ALIVE,measured,,82.8,9.6,7.6
2026-09-14 11:15:00+0900,5,2,106.6,MID,NORMAL,false,ALIVE,measured,,77.9,13.6,8.5
2026-09-14 11:20:00+0900,5,1,104.9,MID,NORMAL,false,ALIVE,measured,,56.7,29.3,14.0
2026-09-14 11:25:00+0900,5,2,108.5,MID,NORMAL,false,ALIVE,measured,,72.6,18.6,8.8
2026-09-14 11:30:00+0900,5,1,103.4,MID,NORMAL,false,ALIVE,measured,,80.8,16.5,2.7
2026-09-14 11:35:00+0900,5,2,101.0,MID,NORMAL,false,ALIVE,measured,,87.0,8.1,4.9
2026-09-14 11:40:00+0900,5,1,94.7,MID,NORMAL,false,ALIVE,measured,,63.0,31.0,6.0
2026-09-14 11:45:00+0900,5,2,110.1,MID,NORMAL,false,ALIVE,measured,,53.8,29.7,16.5
2026-09-14 11:50:00+0900,5,1,100.6,MID,NORMAL,false,ALIVE,measured,,87.6,10.0,2.4
2026-09-14 11:55:00+0900,5,2,108.4,MID,NORMAL,false,ALIVE,measured,,83.8,7.1,9.1
2026-09-14 12:00:00+0900,5,1,92.2,MID,NORMAL,false,ALIVE,measured,,87.6,8.5,3.9
2026-09-14 12:05:00+0900,5,2,97.2,MID,NORMAL,false,ALIVE,measured,,89.0,8.5,2.5
2026-09-14 12:10:00+0900,5,1,105.2,MID,NORMAL,false,ALIVE,measured,,57.6,25.6,16.8
2026-09-14 12:15:00+0900,5,2,102.2,MID,NORMAL,false,ALIVE,measured,,76.1,11.2,12.7
2026-09-14 12:20:00+0900,5,1,104.1,MID,NORMAL,false,ALIVE,measured,,77.7,14.5,7.8
2026-09-14 12:25:00+0900,5,2,99.6,MID,NORMAL,false,ALIVE,measured,,73.2,8.7,18.1
2026-09-14 12:30:00+0900,5,1,109.1,MID,NORMAL,false,ALIVE,measured,,72.0,9.0,19.0
2026-09-14 12:35:00+0900,5,2,105.3,MID,NORMAL,false,ALIVE,measured,,72.5,18.0,9.5
2026-09-14 12:40:00+0900,5,1,102.0,MID,NORMAL,false,ALIVE,measured,,89.2,7.5,3.3
2026-09-14 12:45:00+0900,5,2,97.7,MID,NORMAL,false,ALIVE,measured,,87.5,9.4,3.1
2026-09-14 12:50:00+0900,5,1,103.7,MID,NORMAL,false,ALIVE,measured,,89.0,7.7,3.3
2026-09-14 12:55:00+0900,5,2,93.0,MID,NORMAL,false,ALIVE,measured,,82.4,10.6,7.0
2026-09-14 13:00:00+0900,5,1,90.4,MID,NORMAL,false,ALIVE,measured,,55.6,33.9,10.5
2026-09-14 13:05:00+0900,5,2,100.4,MID,NORMAL,false,ALIVE,measured,,85.0,9.7,5.3
2026-09-14 13:10:00+0900,5,1,97.5,MID,NORMAL,true,ALIVE,measured,,26.7,37.0,36.3
2026-09-14 13:15:00+0900,5,2,103.8,MID,NORMAL,false,ALIVE,measured,,86.8,10.4,2.8
2026-09-14 13:20:00+0900,5,1,96.5,MID,NORMAL,false,ALIVE,measured,,75.5,18.6,5.9
2026-09-14 13:25:00+0900,5,2,93.9,MID,NORMAL,false,ALIVE,measured,,79.1,11.9,9.0
2026-09-14 13:30:00+0900,5,1,103.6,MID,NORMAL,false,ALIVE,measured,,58.7,33.0,8.3
2026-09-14 13:35:00+0900,5,2,108.3,MID,NORMAL,false,ALIVE,measured,,55.8,31.1,13.1
2026-09-14 13:40:00+0900,5,1,91.9,MID,NORMAL,false,ALIVE,measured,,57.0,33.1,9.9
2026-09-14 13:45:00+0900,5,2,94.9,MID,NORMAL,false,ALIVE,measured,,81.8,13.9,4.3
2026-09-14 13:50:00+0900,5,1,109.8,MID,NORMAL,false,ALIVE,measured,,72.6,10.8,16.6
2026-09-14 13:55:00+0900,5,2,107.9,MID,NORMAL,false,ALIVE,measured,,75.6,16.8,7.6
2026-09-14 14:00:00+0900,5,1,105.6,MID,NORMAL,false,ALIVE,measured,,76.5,13.2,10.3
2026-09-14 14:05:00+0900,5,2,115.8,TOP,NORMAL,false,ALIVE,measured,,88.5,8.0,3.5
2026-09-14 14:10:00+0900,5,1,98.3,MID,NORMAL,false,ALIVE,measured,,82.0,7.3,10.7
2026-09-14 14:15:00+0900,5,2,105.7,MID,NORMAL,false,ALIVE,measured,,91.0,7.0,2.0
2026-09-14 14:20:00+0900,5,1,104.4,MID,NORMAL,false,ALIVE,measured,,58.4,34.9,6.7
2026-09-14 14:25:00+0900,5,2,94.0,MID,NORMAL,false,ALIVE,measured,,89.3,7.2,3.5
2026-09-14 14:30:00+0900,5,1,86.2,MID,NORMAL,false,ALIVE,measured,,80.9,7.0,12.1
2026-09-14 14:35:00+0900,5,2,95.8,MID,NORMAL,false,ALIVE,measured,,90.7,7.2,2.1
2026-09-14 14:40:00+0900,5,1,106.0,MID,NORMAL,false,ALIVE,measured,,90.8,7.2,2.0
2026-09-14 14:45:00+0900,5,2,92.8,MID,NORMAL,false,ALIVE,measured,,76.3,20.0,3.7
2026-09-14 14:50:00+0900,5,1,106.3,MID,NORMAL,false,ALIVE,measured,,46.4,32.7,20.9
2026-09-14 14:55:00+0900,5,2,103.1,MID,NORMAL,false,ALIVE,measured,,85.5,8.6,5.9
2026-09-14 15:00:00+0900,5,1,97.2,MID,NORMAL,false,ALIVE,measured,,74.8,17.9,7.3
2026-09-14 15:05:00+0900,5,2,102.7,MID,NORMAL,false,ALIVE,measured,,79.4,15.7,4.9
2026-09-14 15:10:00+0900,5,1,94.6,MID,NORMAL,false,ALIVE,measured,,61.0,27.9,11.1
2026-09-14 15:15:00+0900,5,2,105.4,MID,NORMAL,false,ALIVE,measured,,78.3,13.0,8.7
2026-09-14 15:20:00+0900,5,1,104.1,MID,NORMAL,false,ALIVE,measured,,87.6,7.2,5.2
2026-09-14 15:25:00+0900,5,2,107.5,MID,NORMAL,false,ALIVE,measured,,74.0,17.3,8.7
2026-09-14 15:30:00+0900,5,1,105.6,MID,NORMAL,false,ALIVE,measured,,81.8,12.8,5.4
2026-09-14 15:35:00+0900,5,2,92.5,MID,NORMAL,false,ALIVE,measured,,90.5,7.1,2.4
2026-09-14 15:40:00+0900,5,1,105.0,MID,NORMAL,false,ALIVE,measured,,74.0,12.2,13.8
2026-09-14 15:45:00+0900,5,2,105.2,MID,NORMAL,false,ALIVE,measured,,82.0,14.0,4.0
2026-09-14 15:50:00+0900,5,1,100.8,MID,NORMAL,false,ALIVE,measured,,63.0,29.0,8.0
2026-09-14 15:55:00+0900,5,2,113.0,MID,NORMAL,false,ALIVE,measured,,85.5,12.2,2.3
2026-09-14 16:00:00+0900,5,1,100.8,MID,NORMAL,false,ALIVE,measured,,90.4,7.5,2.1
2026-09-14 16:05:00+0900,5,2,97.5,MID,NORMAL,false,ALIVE,measured,,88.7,7.8,3.5
2026-09-14 16:10:00+0900,5,1,100.2,MID,NORMAL,false,ALIVE,measured,,85.9,10.3,3.8
2026-09-14 16:15:00+0900,5,2,89.1,MID,NORMAL,false,ALIVE,measured,,84.5,7.0,8.5
2026-09-14 16:20:00+0900,5,1,89.2,MID,NORMAL,false,ALIVE,measured,,59.7,38.0,2.3
2026-09-14 16:25:00+0900,5,2,87.7,MID,NORMAL,false,ALIVE,measured,,88.5,9.1,2.4
2026-09-14 16:30:00+0900,5,1,105.2,MID,NORMAL,false,ALIVE,measured,,54.1,36.8,9.1
2026-09-14 16:35:00+0900,5,2,88.1,MID,NORMAL,false,ALIVE,measured,,82.1,9.5,8.4
2026-09-14 16:40:00+0900,5,1,101.1,MID,NORMAL,false,ALIVE,measured,,73.8,12.2,14.0
2026-09-14 16:45:00+0900,5,2,96.7,MID,NORMAL,false,ALIVE,measured,,73.8,13.4,12.8
2026-09-14 16:50:00+0900,5,1,107.8,MID,NORMAL,false,ALIVE,measured,,42.5,36.3,21.2
2026-09-14 16:55:00+0900,5,2,114.7,MID,NORMAL,false,ALIVE,measured,,84.6,7.5,7.9
2026-09-14 17:00:00+0900,5,1,99.0,MID,NORMAL,false,ALIVE,measured,,79.2,13.0,7.8
2026-09-14 17:05:00+0900,5,2,111.6,MID,NORMAL,false,ALIVE,measured,,83.5,7.5,9.0
2026-09-14 17:10:00+0900,5,1,113.0,MID,NORMAL,false,ALIVE,measured,,76.2,8.2,15.6
2026-09-14 17:15:00+0900,5,2,123.5,TOP,HIGH,true,ALIVE,measured,,84.0,13.2,2.8
2026-09-14 17:20:00+0900,5,1,109.0,MID,NORMAL,false,ALIVE,measured,,47.0,36.1,16.9
2026-09-14 17:25:00+0900,5,2,98.3,MID,NORMAL,false,ALIVE,measured,,85.7,10.6,3.7
2026-09-14 17:30:00+0900,5,1,114.4,MID,NORMAL,false,ALIVE,measured,,73.4,12.7,13.9
2026-09-14 17:35:00+0900,5,2,138.4,TOP,HIGH,true,ALIVE,measured,,64.0,31.1,4.9
2026-09-14 17:40:00+0900,5,1,132.4,TOP,HIGH,true,ALIVE,measured,,59.4,26.3,14.3
2026-09-14 17:45:00+0900,5,2,119.5,TOP,HIGH,true,ALIVE,measured,,83.4,9.7,6.9
2026-09-14 17:50:00+0900,5,1,104.3,MID,NORMAL,false,ALIVE,measured,,79.3,16.8,3.9
2026-09-14 17:55:00+0900,5,2,129.4,TOP,HIGH,true,ALIVE,measured,,85.5,10.5,4.0
2026-09-14 18:00:00+0900,5,1,120.0,TOP,HIGH,true,ALIVE,measured,,84.9,12.8,2.3
2026-09-14 18:05:00+0900,5,2,116.1,TOP,NORMAL,false,ALIVE,measured,,77.8,8.1,14.1
2026-09-14 18:10:00+0900,5,1,133.2,TOP,HIGH,true,ALIVE,measured,,87.9,10.1,2.0
2026-09-14 18:15:00+0900,5,2,120.9,TOP,HIGH,true,ALIVE,measured,,78.0,14.9,7.1
2026-09-14 18:20:00+0900,5,1,120.2,TOP,HIGH,true,ALIVE,measured,,72.2,15.5,12.3
2026-09-14 18:25:00+0900,5,2,119.4,TOP,HIGH,true,ALIVE,measured,,87.9,9.3,2.8
2026-09-14 18:30:00+0900,5,1,137.6,TOP,HIGH,true,ALIVE,measured,,60.2,26.3,13.5
2026-09-14 18:35:00+0900,5,2,114.3,MID,NORMAL,true,ALIVE,measured,,19.1,25.1,55.8
2026-09-14 18:40:00+0900,5,1,121.3,TOP,HIGH,true,ALIVE,measured,,55.1,30.1,14.8
2026-09-14 18:45:00+0900,5,2,130.1,TOP,HIGH,true,ALIVE,measured,,72.4,13.1,14.5
2026-09-14 18:50:00+0900,5,1,108.0,MID,NORMAL,false,ALIVE,measured,,87.5,7.8,4.7
2026-09-14 18:55:00+0900,5,2,114.5,MID,NORMAL,false,ALIVE,measured,,89.7,7.5,2.8
2026-09-14 19:00:00+0900,5,1,117.1,TOP,NORMAL,false,ALIVE,measured,,77.1,8.9,14.0
2026-09-14 19:05:00+0900,5,2,123.5,TOP,HIGH,true,ALIVE,measured,,47.9,34.1,18.0
2026-09-14 19:10:00+0900,5,1,105.5,MID,NORMAL,false,ALIVE,measured,,79.6,11.2,9.2
2026-09-14 19:15:00+0900,5,2,112.5,MID,NORMAL,false,ALIVE,measured,,86.5,10.7,2.8
2026-09-14 19:20:00+0900,5,1,102.6,MID,NORMAL,false,ALIVE,measured,,90.7,7.2,2.1
2026-09-14 19:25:00+0900,5,2,110.2,MID,NORMAL,false,ALIVE,measured,,75.3,17.6,7.1
2026-09-14 19:30:00+0900,5,1,113.1,MID,NORMAL,false,ALIVE,measured,,75.8,13.8,10.4
2026-09-14 19:35:00+0900,5,2,121.8,TOP,HIGH,true,ALIVE,measured,,84.5,9.0,6.5
2026-09-14 19:40:00+0900,5,1,106.3,MID,NORMAL,false,ALIVE,measured,,75.0,11.9,13.1
2026-09-14 19:45:00+0900,5,2,101.8,MID,NORMAL,false,ALIVE,measured,,79.3,15.4,5.3
2026-09-14 19:50:00+0900,5,1,106.5,MID,NORMAL,false,ALIVE,measured,,84.1,8.1,7.8
2026-09-14 19:55:00+0900,5,2,114.5,MID,NORMAL,false,ALIVE,measured,,77.8,15.4,6.8
2026-09-14 20:00:00+0900,5,1,96.5,MID,NORMAL,false,ALIVE,measured,,60.6,31.6,7.8
2026-09-14 20:05:00+0900,5,2,112.9,MID,NORMAL,false,ALIVE,measured,,73.3,13.3,13.4
2026-09-14 20:10:00+0900,5,1,110.2,MID,NORMAL,false,ALIVE,measured,,53.9,31.2,14.9
2026-09-14 20:15:00+0900,5,2,109.2,MID,NORMAL,false,ALIVE,measured,,55.4,28.9,15.7
2026-09-14 20:20:00+0900,5,1,121.3,TOP,HIGH,true,ALIVE,measured,,81.2,7.2,11.6
2026-09-14 20:25:00+0900,5,2,113.3,MID,NORMAL,false,ALIVE,measured,,89.4,7.2,3.4
2026-09-14 20:30:00+0900,5,1,100.7,MID,NORMAL,false,ALIVE,measured,,42.5,29.7,27.8
2026-09-14 20:35:00+0900,5,2,106.6,MID,NORMAL,false,ALIVE,measured,,46.7,34.9,18.4
2026-09-14 20:40:00+0900,5,1,100.9,MID,NORMAL,false,ALIVE,measured,,49.0,37.2,13.8
2026-09-14 20:45:00+0900,5,2,108.6,MID,NORMAL,false,ALIVE,measured,,72.8,11.4,15.8
2026-09-14 20:50:00+0900,5,1,103.7,MID,NORMAL,false,ALIVE,measured,,79.3,16.6,4.1
2026-09-14 20:55:00+0900,5,2,101.5,MID,NORMAL,false,ALIVE,measured,,63.4,28.5,8.1
2026-09-14 21:00:00+0900,6,1,111.6,MID,NORMAL,false,ALIVE,measured,,73.6,11.5,14.9
2026-09-14 21:05:00+0900,6,2,103.7,MID,NORMAL,false,ALIVE,measured,,77.8,8.2,14.0
2026-09-14 21:10:00+0900,6,1,99.5,MID,NORMAL,false,ALIVE,measured,,42.0,34.7,23.3
2026-09-14 21:15:00+0900,6,2,104.4,MID,NORMAL,false,ALIVE,measured,,84.3,11.5,4.2
2026-09-14 21:20:00+0900,6,1,111.0,MID,NORMAL,false,ALIVE,measured,,75.6,12.7,11.7
2026-09-14 21:25:00+0900,6,2,108.8,MID,NORMAL,false,ALIVE,measured,,75.2,11.2,13.6
2026-09-14 21:30:00+0900,6,1,102.3,MID,NORMAL,false,ALIVE,measured,,45.7,37.1,17.2
2026-09-14 21:35:00+0900,6,2,107.9,MID,NORMAL,false,ALIVE,measured,,89.9,7.6,2.5
2026-09-14 21:40:00+0900,6,1,87.0,MID,NORMAL,false,ALIVE,measured,,87.2,9.0,3.8
2026-09-14 21:45:00+0900,6,2,106.3,MID,NORMAL,false,ALIVE,measured,,55.5,37.9,6.6
2026-09-14 21:50:00+0900,6,1,98.9,MID,NORMAL,false,ALIVE,measured,,82.8,14.3,2.9
2026-09-14 21:55:00+0900,6,2,89.8,MID,NORMAL,false,ALIVE,measured,,61.4,30.2,8.4
2026-09-14 22:00:00+0900,6,1,101.6,MID,NORMAL,false,ALIVE,measured,,47.1,35.9,17.0
2026-09-14 22:05:00+0900,6,2,101.9,MID,NORMAL,false,ALIVE,measured,,75.1,17.2,7.7
2026-09-14 22:10:00+0900,6,1,99.8,MID,NORMAL,false,ALIVE,measured,,79.8,12.7,7.5
2026-09-14 22:15:00+0900,6,2,110.2,MID,NORMAL,false,ALIVE,measured,,85.6,11.7,2.7
2026-09-14 22:20:00+0900,6,1,96.0,MID,NORMAL,false,ALIVE,measured,,77.0,13.4,9.6
2026-09-14 22:25:00+0900,6,2,101.9,MID,NORMAL,false,ALIVE,measured,,79.9,16.4,3.7
2026-09-14 22:30:00+0900,6,1,93.3,MID,NORMAL,true,ALIVE,measured,,26.2,36.4,37.4
2026-09-14 22:35:00+0900,6,2,78.7,BOT,NORMAL,false,ALIVE,measured,,57.7,39.6,2.7
2026-09-14 22:40:00+0900,6,1,91.4,MID,NORMAL,false,ALIVE,measured,,61.9,30.8,7.3
2026-09-14 22:45:00+0900,6,2,96.6,MID,NORMAL,false,ALIVE,measured,,86.4,10.2,3.4
2026-09-14 22:50:00+0900,6,1,102.3,MID,NORMAL,false,ALIVE,measured,,44.6,41.1,14.3
2026-09-14 22:55:00+0900,6,2,89.7,MID,NORMAL,false,ALIVE,measured,,73.6,16.0,10.4
2026-09-14 23:00:00+0900,6,1,86.1,MID,NORMAL,false,ALIVE,measured,,83.9,13.0,3.1
2026-09-14 23:05:00+0900,6,2,91.7,MID,NORMAL,false,ALIVE,measured,,81.2,9.6,9.2
2026-09-14 23:10:00+0900,6,1,83.0,BOT,NORMAL,false,ALIVE,measured,,80.8,12.6,6.6
2026-09-14 23:15:00+0900,6,2,101.3,MID,NORMAL,false,ALIVE,measured,,43.8,27.3,28.9
2026-09-14 23:20:00+0900,6,1,83.1,BOT,NORMAL,false,ALIVE,measured,,77.8,19.2,3.0
2026-09-14 23:25:00+0900,6,2,91.6,MID,NORMAL,false,ALIVE,measured,,79.9,8.8,11.3
2026-09-14 23:30:00+0900,6,1,81.7,BOT,NORMAL,false,ALIVE,measured,,62.3,25.4,12.3
2026-09-14 23:35:00+0900,6,2,89.7,MID,NORMAL,false,ALIVE,measured,,85.3,9.6,5.1
2026-09-14 23:40:00+0900,6,1,91.3,MID,NORMAL,false,ALIVE,measured,,81.7,7.0,11.3
2026-09-14 23:45:00+0900,6,2,84.7,BOT,NORMAL,false,ALIVE,measured,,60.2,34.3,5.5
2026-09-14 23:50:00+0900,6,1,88.0,MID,NORMAL,false,ALIVE,measured,,56.5,31.7,11.8
2026-09-14 23:55:00+0900,6,2,81.4,BOT,NORMAL,false,ALIVE,measured,,72.4,14.4,13.2
2026-09-15 00:00:00+0900,6,1,77.3,BOT,LOW,true,ALIVE,measured,,85.3,9.9,4.8
2026-09-15 00:05:00+0900,6,2,82.8,BOT,NORMAL,false,ALIVE,measured,,73.9,11.9,14.2
2026-09-15 00:10:00+0900,6,1,82.5,BOT,NORMAL,false,ALIVE,measured,,75.2,13.8,11.0
2026-09-15 00:15:00+0900,6,2,93.2,MID,NORMAL,false,ALIVE,measured,,77.5,18.8,3.7
2026-09-15 00:20:00+0900,6,1,71.7,BOT,LOW,true,ALIVE,measured,,86.0,10.9,3.1
2026-09-15 00:25:00+0900,6,2,92.0,MID,NORMAL,false,ALIVE,measured,,75.9,13.6,10.5
2026-09-15 00:30:00+0900,6,1,78.5,BOT,NORMAL,false,ALIVE,measured,,56.8,29.7,13.5
2026-09-15 00:35:00+0900,6,2,64.1,BOT,LOW,true,ALIVE,measured,,35.9,37.9,26.2
2026-09-15 00:40:00+0900,6,1,79.6,BOT,NORMAL,false,ALIVE,measured,,72.2,10.5,17.3
2026-09-15 00:45:00+0900,6,2,75.7,BOT,LOW,true,ALIVE,measured,,75.3,18.2,6.5
2026-09-15 00:50:00+0900,6,1,85.4,MID,NORMAL,false,ALIVE,measured,,81.1,10.0,8.9
2026-09-15 00:55:00+0900,6,2,74.9,BOT,LOW,true,ALIVE,measured,,75.5,8.7,15.8
2026-09-15 01:00:00+0900,6,1,66.8,BOT,LOW,true,ALIVE,measured,,72.7,17.2,10.1
2026-09-15 01:05:00+0900,6,2,78.9,BOT,NORMAL,false,ALIVE,measured,,75.9,11.0,13.1
2026-09-15 01:10:00+0900,6,1,72.3,BOT,LOW,true,ALIVE,measured,,42.0,26.2,31.8
2026-09-15 01:15:00+0900,6,2,85.1,MID,NORMAL,false,ALIVE,measured,,80.1,8.4,11.5
2026-09-15 01:20:00+0900,6,1,74.0,BOT,LOW,true,ALIVE,measured,,52.2,41.4,6.4
2026-09-15 01:25:00+0900,6,2,56.5,BOT,LOW,true,ALIVE,measured,,39.0,20.7,40.3
2026-09-15 01:30:00+0900,6,1,62.5,BOT,LOW,true,ALIVE,measured,,90.1,7.4,2.5
2026-09-15 01:35:00+0900,6,2,89.4,MID,NORMAL,false,ALIVE,measured,,72.8,20.7,6.5
2026-09-15 01:40:00+0900,6,1,63.3,BOT,LOW,true,ALIVE,measured,,72.3,10.7,17.0
2026-09-15 01:45:00+0900,6,2,70.1,BOT,LOW,true,ALIVE,measured,,81.1,11.8,7.1
2026-09-15 01:50:00+0900,6,1,60.4,BOT,LOW,true,ALIVE,measured,,78.2,8.3,13.5
2026-09-15 01:55:00+0900,6,2,64.8,BOT,LOW,true,ALIVE,measured,,80.3,15.0,4.7
2026-09-15 02:00:00+0900,6,1,64.7,BOT,LOW,true,ALIVE,measured,,85.6,11.8,2.6
2026-09-15 02:05:00+0900,6,2,67.7,BOT,LOW,true,ALIVE,measured,,88.5,8.2,3.3
2026-09-15 02:10:00+0900,6,1,83.9,BOT,NORMAL,false,ALIVE,measured,,83.7,11.8,4.5
2026-09-15 02:15:00+0900,6,2,65.0,BOT,LOW,true,ALIVE,measured,,83.2,9.0,7.8
2026-09-15 02:20:00+0900,6,1,68.5,BOT,LOW,true,ALIVE,measured,,85.9,7.0,7.1
2026-09-15 02:25:00+0900,6,2,67.8,BOT,LOW,true,ALIVE,measured,,76.7,20.9,2.4
2026-09-15 02:30:00+0900,6,1,65.6,BOT,LOW,true,ALIVE,measured,,79.9,11.8,8.3
2026-09-15 02:35:00+0900,6,2,71.0,BOT,LOW,true,ALIVE,measured,,63.1,32.6,4.3
2026-09-15 02:40:00+0900,6,1,76.4,BOT,LOW,true,ALIVE,measured,,90.3,7.5,2.2
2026-09-15 02:45:00+0900,6,2,75.3,BOT,LOW,true,ALIVE,measured,,60.0,26.9,13.1
2026-09-15 02:50:00+0900,6,1,71.7,BOT,LOW,true,ALIVE,measured,,52.9,32.1,15.0
2026-09-15 02:55:00+0900,6,2,62.4,BOT,LOW,true,ALIVE,measured,,75.7,15.6,8.7
2026-09-15 03:00:00+0900,6,1,61.9,BOT,LOW,true,ALIVE,measured,,84.5,7.6,7.9
2026-09-15 03:05:00+0900,6,2,61.9,BOT,LOW,true,ALIVE,measured,,77.0,19.0,4.0
2026-09-15 03:10:00+0900,6,1,77.4,BOT,LOW,true,ALIVE,measured,,79.6,10.5,9.9
2026-09-15 03:15:00+0900,6,2,55.0,BOT,LOW,true,ALIVE,measured,,76.8,21.1,2.1
2026-09-15 03:20:00+0900,6,1,61.3,BOT,LOW,true,ALIVE,measured,,77.0,9.7,13.3
2026-09-15 03:25:00+0900,6,2,60.9,BOT,LOW,true,ALIVE,measured,,49.2,42.9,7.9
2026-09-15 03:30:00+0900,6,1,59.8,BOT,LOW,true,ALIVE,measured,,87.2,7.3,5.5
2026-09-15 03:35:00+0900,6,2,75.1,BOT,LOW,true,ALIVE,measured,,59.1,34.3,6.6
2026-09-15 03:40:00+0900,6,1,62.8,BOT,LOW,true,ALIVE,measured,,62.9,28.9,8.2
2026-09-15 03:45:00+0900,6,2,65.8,BOT,LOW,true,ALIVE,measured,,72.3,9.0,18.7
2026-09-15 03:50:00+0900,6,1,74.3,BOT,LOW,true,ALIVE,measured,,84.6,7.6,7.8
2026-09-15 03:55:00+0900,6,2,56.3,BOT,LOW,true,ALIVE,measured,,76.3,15.8,7.9
2026-09-15 04:00:00+0900,6,1,59.8,BOT,LOW,true,ALIVE,measured,,84.6,8.0,7.4
2026-09-15 04:05:00+0900,6,2,61.2,BOT,LOW,true,ALIVE,measured,,18.3,32.2,49.5
2026-09-15 04:10:00+0900,6,1,66.5,BOT,LOW,true,ALIVE,measured,,79.7,7.8,12.5
2026-09-15 04:15:00+0900,6,2,66.8,BOT,LOW,true,ALIVE,measured,,76.0,10.1,13.9
2026-09-15 04:20:00+0900,6,1,64.1,BOT,LOW,true,ALIVE,measured,,79.5,11.1,9.4
2026-09-15 04:25:00+0900,6,2,67.4,BOT,LOW,true,ALIVE,measured,,84.8,11.7,3.5
2026-09-15 04:30:00+0900,6,1,59.6,BOT,LOW,true,ALIVE,measured,,80.9,8.8,10.3
2026-09-15 04:35:00+0900,6,2,61.3,BOT,LOW,true,ALIVE,measured,,72.1,16.0,11.9
2026-09-15 04:40:00+0900,6,1,63.9,BOT,LOW,true,ALIVE,measured,,44.2,40.5,15.3
2026-09-15 04:45:00+0900,6,2,68.3,BOT,LOW,true,ALIVE,measured,,88.1,7.4,4.5
2026-09-15 04:50:00+0900,6,1,55.0,BOT,LOW,true,ALIVE,measured,,90.4,7.2,2.4
2026-09-15 04:55:00+0900,6,2,64.6,BOT,LOW,true,ALIVE,measured,,80.6,17.3,2.1
2026-09-15 05:00:00+0900,6,1,72.9,BOT,LOW,true,ALIVE,measured,,84.0,10.1,5.9
2026-09-15 05:05:00+0900,6,2,64.6,BOT,LOW,true,ALIVE,measured,,81.4,9.9,8.7
2026-09-15 05:10:00+0900,6,1,77.0,BOT,LOW,true,ALIVE,measured,,77.5,14.9,7.6
2026-09-15 05:15:00+0900,6,2,70.0,BOT,LOW,true,ALIVE,measured,,48.1,42.5,9.4
2026-09-15 05:20:00+0900,6,1,57.3,BOT,LOW,true,ALIVE,measured,,79.3,10.8,9.9
2026-09-15 05:25:00+0900,6,2,85.3,MID,NORMAL,false,ALIVE,measured,,77.0,14.1,8.9
2026-09-15 05:30:00+0900,6,1,67.6,BOT,LOW,true,ALIVE,measured,,72.9,19.3,7.8
2026-09-15 05:35:00+0900,6,2,71.0,BOT,LOW,true,ALIVE,measured,,81.8,13.8,4.4
2026-09-15 05:40:00+0900,6,1,81.4,BOT,NORMAL,false,ALIVE,measured,,53.9,41.3,4.8
2026-09-15 05:45:00+0900,6,2,68.2,BOT,LOW,true,ALIVE,measured,,79.3,14.4,6.3
2026-09-15 05:50:00+0900,6,1,79.6,BOT,NORMAL,false,ALIVE,measured,,48.1,31.1,20.8
2026-09-15 05:55:00+0900,6,2,73.7,BOT,LOW,true,ALIVE,measured,,62.5,28.5,9.0
2026-09-15 06:00:00+0900,6,1,86.4,MID,NORMAL,false,ALIVE,measured,,44.3,33.5,22.2
2026-09-15 06:05:00+0900,6,2,81.5,BOT,NORMAL,true,ALIVE,measured,,27.8,36.1,36.1
2026-09-15 06:10:00+0900,6,1,71.8,BOT,LOW,true,ALIVE,measured,,79.1,12.3,8.6
2026-09-15 06:15:00+0900,6,2,68.6,BOT,LOW,true,ALIVE,measured,,57.7,25.2,17.1
2026-09-15 06:20:00+0900,6,1,82.7,BOT,NORMAL,false,ALIVE,measured,,90.4,7.4,2.2
2026-09-15 06:25:00+0900,6,2,66.9,BOT,LOW,true,ALIVE,measured,,88.5,8.1,3.4
2026-09-15 06:30:00+0900,6,1,87.4,MID,NORMAL,false,ALIVE,measured,,84.9,8.0,7.1
2026-09-15 06:35:00+0900,6,2,77.9,BOT,LOW,true,ALIVE,measured,,74.7,11.4,13.9
2026-09-15 06:40:00+0900,6,1,87.4,MID,NORMAL,false,ALIVE,measured,,73.4,21.0,5.6
2026-09-15 06:45:00+0900,6,2,76.2,BOT,LOW,true,ALIVE,measured,,49.9,33.1,17.0
2026-09-15 06:50:00+0900,6,1,91.1,MID,NORMAL,false,ALIVE,measured,,83.7,12.2,4.1
2026-09-15 06:55:00+0900,6,2,80.0,BOT,NORMAL,false,ALIVE,measured,,82.3,8.8,8.9
2026-09-15 07:00:00+0900,6,1,102.3,MID,NORMAL,false,ALIVE,measured,,49.2,29.8,21.0
2026-09-15 07:05:00+0900,6,2,88.6,MID,NORMAL,true,ALIVE,measured,,24.5,29.3,46.2
2026-09-15 07:10:00+0900,6,1,84.1,BOT,NORMAL,false,ALIVE,measured,,79.8,10.5,9.7
2026-09-15 07:15:00+0900,6,2,88.3,MID,NORMAL,false,ALIVE,measured,,44.8,38.4,16.8
2026-09-15 07:20:00+0900,6,1,82.4,BOT,NORMAL,false,ALIVE,measured,,81.4,9.9,8.7
2026-09-15 07:25:00+0900,6,2,102.5,MID,NORMAL,false,ALIVE,measured,,79.5,11.1,9.4
2026-09-15 07:30:00+0900,6,1,91.2,MID,NORMAL,false,ALIVE,measured,,76.6,9.2,14.2
2026-09-15 07:35:00+0900,6,2,107.5,MID,NORMAL,false,ALIVE,measured,,83.1,9.5,7.4
2026-09-15 07:40:00+0900,6,1,107.7,MID,NORMAL,false,ALIVE,measured,,73.5,19.2,7.3
2026-09-15 07:45:00+0900,6,2,109.7,MID,NORMAL,true,ALIVE,measured,,36.8,20.1,43.1
2026-09-15 07:50:00+0900,6,1,110.4,MID,NORMAL,false,ALIVE,measured,,52.7,33.0,14.3
2026-09-15 07:55:00+0900,6,2,103.4,MID,NORMAL,true,ALIVE,measured,,25.1,31.0,43.9
2026-09-15 08:00:00+0900,6,1,109.3,MID,NORMAL,false,ALIVE,measured,,84.7,13.2,2.1
2026-09-15 08:05:00+0900,6,2,115.1,TOP,NORMAL,false,ALIVE,measured,,85.6,11.7,2.7
2026-09-15 08:10:00+0900,6,1,110.5,MID,NORMAL,false,ALIVE,measured,,86.4,11.4,2.2
2026-09-15 08:15:00+0900,6,2,109.9,MID,NORMAL,false,ALIVE,measured,,81.2,11.0,7.8
2026-09-15 08:20:00+0900,6,1,108.6,MID,NORMAL,false,ALIVE,measured,,56.8,30.6,12.6
2026-09-15 08:25:00+0900,6,2,102.3,MID,NORMAL,false,ALIVE,measured,,84.4,8.3,7.3
2026-09-15 08:30:00+0900,6,1,109.7,MID,NORMAL,false,ALIVE,measured,,53.7,29.9,16.4
2026-09-15 08:35:00+0900,6,2,95.7,MID,NORMAL,false,ALIVE,measured,,80.1,10.1,9.8
2026-09-15 08:40:00+0900,6,1,109.2,MID,NORMAL,false,ALIVE,measured,,79.8,18.0,2.2
2026-09-15 08:45:00+0900,6,2,103.4,MID,NORMAL,false,ALIVE,measured,,77.6,8.6,13.8
2026-09-15 08:50:00+0900,6,1,103.1,MID,NORMAL,false,ALIVE,measured,,76.3,20.6,3.1
2026-09-15 08:55:00+0900,6,2,101.5,MID,NORMAL,false,ALIVE,measured,,73.9,21.9,4.2
2026-09-15 09:00:00+0900,6,1,106.2,MID,NORMAL,false,ALIVE,measured,,50.4,38.4,11.2
2026-09-15 09:05:00+0900,6,2,100.3,MID,NORMAL,false,ALIVE,measured,,81.0,10.6,8.4
2026-09-15 09:10:00+0900,6,1,112.9,MID,NORMAL,false,ALIVE,measured,,86.0,7.3,6.7
2026-09-15 09:15:00+0900,6,2,113.5,MID,NORMAL,false,ALIVE,measured,,90.2,7.4,2.4
2026-09-15 09:20:00+0900,6,1,92.3,MID,NORMAL,false,ALIVE,measured,,74.3,15.5,10.2
2026-09-15 09:25:00+0900,6,2,100.3,MID,NORMAL,false,ALIVE,measured,,60.6,31.9,7.5
2026-09-15 09:30:00+0900,6,1,95.3,MID,NORMAL,false,ALIVE,measured,,87.8,9.9,2.3
2026-09-15 09:35:00+0900,6,2,93.9,MID,NORMAL,false,ALIVE,measured,,80.3,15.9,3.8
2026-09-15 09:40:00+0900,6,1,85.7,MID,NORMAL,false,ALIVE,measured,,84.3,7.3,8.4
2026-09-15 09:45:00+0900,6,2,103.0,MID,NORMAL,false,ALIVE,measured,,79.0,18.6,2.4
2026-09-15 09:50:00+0900,6,1,94.6,MID,NORMAL,false,ALIVE,measured,,88.8,7.4,3.8
2026-09-15 09:55:00+0900,6,2,98.5,MID,NORMAL,false,ALIVE,measured,,74.0,9.2,16.8
2026-09-15 10:00:00+0900,6,1,104.9,MID,NORMAL,false,ALIVE,measured,,77.2,16.7,6.1
2026-09-15 10:05:00+0900,6,2,116.0,TOP,NORMAL,false,ALIVE,measured,,73.6,21.4,5.0
2026-09-15 10:10:00+0900,6,1,89.5,MID,NORMAL,false,ALIVE,measured,,72.6,19.3,8.1
2026-09-15 10:15:00+0900,6,2,92.3,MID,NORMAL,false,ALIVE,measured,,80.7,10.7,8.6
2026-09-15 10:20:00+0900,6,1,98.6,MID,NORMAL,false,ALIVE,measured,,84.0,8.5,7.5
2026-09-15 10:25:00+0900,6,2,100.2,MID,NORMAL,false,ALIVE,measured,,72.1,13.5,14.4
2026-09-15 10:30:00+0900,6,1,95.7,MID,NORMAL,false,ALIVE,measured,,87.4,7.7,4.9
2026-09-15 10:35:00+0900,6,2,100.7,MID,NORMAL,false,ALIVE,measured,,50.6,42.3,7.1
2026-09-15 10:40:00+0900,6,1,108.3,MID,NORMAL,false,ALIVE,measured,,42.1,37.0,20.9
2026-09-15 10:45:00+0900,6,2,101.7,MID,NORMAL,false,ALIVE,measured,,86.1,9.4,4.5
2026-09-15 10:50:00+0900,6,1,97.9,MID,NORMAL,false,ALIVE,measured,,85.1,9.3,5.6
2026-09-15 10:55:00+0900,6,2,102.2,MID,NORMAL,true,ALIVE,measured,,33.5,23.9,42.6
2026-09-15 11:00:00+0900,6,1,98.5,MID,NORMAL,false,ALIVE,measured,,75.8,15.4,8.8
2026-09-15 11:05:00+0900,6,2,99.2,MID,NORMAL,false,ALIVE,measured,,81.5,9.9,8.6
2026-09-15 11:10:00+0900,6,1,100.2,MID,NORMAL,false,ALIVE,measured,,56.7,32.6,10.7
2026-09-15 11:15:00+0900,6,2,101.5,MID,NORMAL,false,ALIVE,measured,,84.8,8.9,6.3
2026-09-15 11:20:00+0900,6,1,96.3,MID,NORMAL,false,ALIVE,measured,,82.3,9.6,8.1
2026-09-15 11:25:00+0900,6,2,98.1,MID,NORMAL,false,ALIVE,measured,,52.6,33.0,14.4
2026-09-15 11:30:00+0900,6,1,104.7,MID,NORMAL,false,ALIVE,measured,,77.6,7.4,15.0
2026-09-15 11:35:00+0900,6,2,92.9,MID,NORMAL,false,ALIVE,measured,,81.8,15.0,3.2
2026-09-15 11:40:00+0900,6,1,92.1,MID,NORMAL,false,ALIVE,measured,,75.5,11.6,12.9
2026-09-15 11:45:00+0900,6,2,80.2,BOT,NORMAL,false,ALIVE,measured,,46.3,32.9,20.8
2026-09-15 11:50:00+0900,6,1,93.6,MID,NORMAL,false,ALIVE,measured,,76.5,11.1,12.4
2026-09-15 11:55:00+0900,6,2,102.9,MID,NORMAL,false,ALIVE,measured,,86.0,11.1,2.9
2026-09-15 12:00:00+0900,6,1,88.1,MID,NORMAL,false,ALIVE,measured,,76.8,18.2,5.0
2026-09-15 12:05:00+0900,6,2,110.4,MID,NORMAL,false,ALIVE,measured,,86.8,8.4,4.8
2026-09-15 12:10:00+0900,6,1,96.8,MID,NORMAL,false,ALIVE,measured,,75.9,18.5,5.6
2026-09-15 12:15:00+0900,6,2,94.6,MID,NORMAL,false,ALIVE,measured,,58.8,28.5,12.7
2026-09-15 12:20:00+0900,6,1,109.4,MID,NORMAL,false,ALIVE,measured,,80.9,14.0,5.1
2026-09-15 12:25:00+0900,6,2,103.3,MID,NORMAL,false,ALIVE,measured,,87.5,7.4,5.1
2026-09-15 12:30:00+0900,6,1,98.8,MID,NORMAL,true,ALIVE,measured,,27.8,31.8,40.4
2026-09-15 12:35:00+0900,6,2,100.7,MID,NORMAL,false,ALIVE,measured,,57.5,33.5,9.0
2026-09-15 12:40:00+0900,6,1,100.1,MID,NORMAL,false,ALIVE,measured,,52.6,38.0,9.4
2026-09-15 12:45:00+0900,6,2,90.6,MID,NORMAL,false,ALIVE,measured,,63.7,34.0,2.3
2026-09-15 12:50:00+0900,6,1,96.0,MID,NORMAL,false,ALIVE,measured,,50.5,42.0,7.5
2026-09-15 12:55:00+0900,6,2,110.9,MID,NORMAL,false,ALIVE,measured,,82.5,7.5,10.0
2026-09-15 13:00:00+0900,6,1,115.8,TOP,NORMAL,false,ALIVE,measured,,80.6,9.6,9.8
2026-09-15 13:05:00+0900,6,2,92.7,MID,NORMAL,false,ALIVE,measured,,79.4,17.6,3.0
2026-09-15 13:10:00+0900,6,1,97.2,MID,NORMAL,false,ALIVE,measured,,83.4,11.8,4.8
2026-09-15 13:15:00+0900,6,2,91.2,MID,NORMAL,true,ALIVE,measured,,29.8,24.3,45.9
2026-09-15 13:20:00+0900,6,1,106.0,MID,NORMAL,false,ALIVE,measured,,80.7,16.4,2.9
2026-09-15 13:25:00+0900,6,2,95.1,MID,NORMAL,false,ALIVE,measured,,88.4,7.7,3.9
2026-09-15 13:30:00+0900,6,1,106.6,MID,NORMAL,false,ALIVE,measured,,61.7,27.1,11.2
2026-09-15 13:35:00+0900,6,2,103.3,MID,NORMAL,false,ALIVE,measured,,74.0,17.2,8.8
2026-09-15 13:40:00+0900,6,1,95.0,MID,NORMAL,false,ALIVE,measured,,73.0,9.3,17.7
2026-09-15 13:45:00+0900,6,2,96.7,MID,NORMAL,true,ALIVE,measured,,26.7,29.2,44.1
2026-09-15 13:50:00+0900,6,1,102.5,MID,NORMAL,false,ALIVE,measured,,59.4,26.9,13.7
2026-09-15 13:55:00+0900,6,2,92.9,MID,NORMAL,false,ALIVE,measured,,73.5,13.1,13.4
2026-09-15 14:00:00+0900,6,1,110.0,MID,NORMAL,false,ALIVE,measured,,86.8,10.1,3.1
2026-09-15 14:05:00+0900,6,2,99.6,MID,NORMAL,false,ALIVE,measured,,82.9,12.4,4.7
2026-09-15 14:10:00+0900,6,1,109.6,MID,NORMAL,false,ALIVE,measured,,78.2,12.2,9.6
2026-09-15 14:15:00+0900,6,2,103.1,MID,NORMAL,true,ALIVE,measured,,34.3,26.7,39.0
2026-09-15 14:20:00+0900,6,1,100.6,MID,NORMAL,false,ALIVE,measured,,73.3,21.0,5.7
2026-09-15 14:25:00+0900,6,2,101.1,MID,NORMAL,false,ALIVE,measured,,90.4,7.4,2.2
2026-09-15 14:30:00+0900,6,1,96.9,MID,NORMAL,false,ALIVE,measured,,80.7,13.9,5.4
2026-09-15 14:35:00+0900,6,2,96.7,MID,NORMAL,false,ALIVE,measured,,90.3,7.2,2.5
2026-09-15 14:40:00+0900,6,1,87.4,MID,NORMAL,true,ALIVE,measured,,30.0,22.7,47.3
2026-09-15 14:45:00+0900,6,2,92.8,MID,NORMAL,false,ALIVE,measured,,48.9,26.9,24.2
2026-09-15 14:50:00+0900,6,1,103.3,MID,NORMAL,false,ALIVE,measured,,73.2,9.0,17.8
2026-09-15 14:55:00+0900,6,2,102.8,MID,NORMAL,true,ALIVE,measured,,31.1,20.2,48.7
2026-09-15 15:00:00+0900,6,1,103.8,MID,NORMAL,false,ALIVE,measured,,42.1,42.7,15.2
2026-09-15 15:05:00+0900,6,2,99.6,MID,NORMAL,false,ALIVE,measured,,83.1,7.1,9.8
2026-09-15 15:10:00+0900,6,1,100.0,MID,NORMAL,false,ALIVE,measured,,81.7,9.4,8.9
2026-09-15 15:15:00+0900,6,2,81.7,BOT,NORMAL,false,ALIVE,measured,,83.0,9.9,7.1
2026-09-15 15:20:00+0900,6,1,99.5,MID,NORMAL,false,ALIVE,measured,,72.5,20.4,7.1
2026-09-15 15:25:00+0900,6,2,100.0,MID,NORMAL,false,ALIVE,measured,,62.9,34.0,3.1
2026-09-15 15:30:00+0900,6,1,110.8,MID,NORMAL,false,ALIVE,measured,,52.4,30.3,17.3
2026-09-15 15:35:00+0900,6,2,92.4,MID,NORMAL,false,ALIVE,measured,,78.4,10.7,10.9
2026-09-15 15:40:00+0900,6,1,112.7,MID,NORMAL,true,ALIVE,measured,,35.8,34.8,29.4
2026-09-15 15:45:00+0900,6,2,101.5,MID,NORMAL,false,ALIVE,measured,,83.7,7.8,8.5
2026-09-15 15:50:00+0900,6,1,115.0,TOP,NORMAL,false,ALIVE,measured,,87.7,9.2,3.1
2026-09-15 15:55:00+0900,6,2,105.4,MID,NORMAL,false,ALIVE,measured,,46.6,30.7,22.7
2026-09-15 16:00:00+0900,6,1,101.4,MID,NORMAL,false,ALIVE,measured,,87.1,8.3,4.6
2026-09-15 16:05:00+0900,6,2,102.5,MID,NORMAL,false,ALIVE,measured,,79.6,11.4,9.0
2026-09-15 16:10:00+0900,6,1,101.7,MID,NORMAL,false,ALIVE,measured,,54.6,37.9,7.5
2026-09-15 16:15:00+0900,6,2,102.8,MID,NORMAL,false,ALIVE,measured,,73.0,21.1,5.9
2026-09-15 16:20:00+0900,6,1,95.8,MID,NORMAL,false,ALIVE,measured,,89.3,7.2,3.5
2026-09-15 16:25:00+0900,6,2,115.1,TOP,NORMAL,false,ALIVE,measured,,85.8,8.2,6.0
2026-09-15 16:30:00+0900,6,1,95.1,MID,NORMAL,false,ALIVE,measured,,88.8,8.6,2.6
2026-09-15 16:35:00+0900,6,2,104.4,MID,NORMAL,false,ALIVE,measured,,73.1,9.6,17.3
2026-09-15 16:40:00+0900,6,1,94.9,MID,NORMAL,false,ALIVE,measured,,46.5,33.7,19.8
2026-09-15 16:45:00+0900,6,2,96.9,MID,NORMAL,false,ALIVE,measured,,60.2,28.8,11.0
2026-09-15 16:50:00+0900,6,1,118.0,TOP,HIGH,true,ALIVE,measured,,88.7,8.2,3.1
2026-09-15 16:55:00+0900,6,2,111.7,MID,NORMAL,false,ALIVE,measured,,74.2,12.9,12.9
2026-09-15 17:00:00+0900,6,1,110.7,MID,NORMAL,false,ALIVE,measured,,46.5,38.9,14.6
2026-09-15 17:05:00+0900,6,2,99.7,MID,NORMAL,false,ALIVE,measured,,88.7,9.1,2.2
2026-09-15 17:10:00+0900,6,1,113.7,MID,NORMAL,false,ALIVE,measured,,88.1,9.4,2.5
2026-09-15 17:15:00+0900,6,2,108.3,MID,NORMAL,false,ALIVE,measured,,89.2,8.6,2.2
2026-09-15 17:20:00+0900,6,1,111.4,MID,NORMAL,false,ALIVE,measured,,53.6,28.2,18.2
2026-09-15 17:25:00+0900,6,2,119.0,TOP,HIGH,true,ALIVE,measured,,90.0,7.8,2.2
2026-09-15 17:30:00+0900,6,1,117.6,TOP,NORMAL,false,ALIVE,measured,,59.6,33.7,6.7
2026-09-15 17:35:00+0900,6,2,122.6,TOP,HIGH,true,ALIVE,measured,,80.7,12.5,6.8
2026-09-15 17:40:00+0900,6,1,121.6,TOP,HIGH,true,ALIVE,measured,,85.7,10.1,4.2
2026-09-15 17:45:00+0900,6,2,132.1,TOP,HIGH,true,ALIVE,measured,,89.3,7.6,3.1
2026-09-15 17:50:00+0900,6,1,123.0,TOP,HIGH,true,ALIVE,measured,,83.9,12.9,3.2
2026-09-15 17:55:00+0900,6,2,123.3,TOP,HIGH,true,ALIVE,measured,,75.9,16.3,7.8
2026-09-15 18:00:00+0900,6,1,123.5,TOP,HIGH,true,ALIVE,measured,,77.9,18.6,3.5
2026-09-15 18:05:00+0900,6,2,129.6,TOP,HIGH,true,ALIVE,measured,,57.4,37.4,5.2
2026-09-15 18:10:00+0900,6,1,126.8,TOP,HIGH,true,ALIVE,measured,,43.5,26.7,29.8
2026-09-15 18:15:00+0900,6,2,121.0,TOP,HIGH,true,ALIVE,measured,,51.2,37.5,11.3
2026-09-15 18:20:00+0900,6,1,120.7,TOP,HIGH,true,ALIVE,measured,,78.5,12.7,8.8
2026-09-15 18:25:00+0900,6,2,125.0,TOP,HIGH,true,ALIVE,measured,,89.6,8.0,2.4
2026-09-15 18:30:00+0900,6,1,124.0,TOP,HIGH,true,ALIVE,measured,,82.5,14.7,2.8
2026-09-15 18:35:00+0900,6,2,120.6,TOP,HIGH,true,ALIVE,measured,,82.6,8.9,8.5
2026-09-15 18:40:00+0900,6,1,105.7,MID,NORMAL,false,ALIVE,measured,,78.5,10.9,10.6
2026-09-15 18:45:00+0900,6,2,124.7,TOP,HIGH,true,ALIVE,measured,,57.2,32.3,10.5
2026-09-15 18:50:00+0900,6,1,116.3,TOP,NORMAL,false,ALIVE,measured,,89.2,7.7,3.1
2026-09-15 18:55:00+0900,6,2,111.9,MID,NORMAL,false,ALIVE,measured,,78.7,15.4,5.9
2026-09-15 19:00:00+0900,6,1,115.6,TOP,NORMAL,false,ALIVE,measured,,78.7,16.5,4.8
2026-09-15 19:05:00+0900,6,2,119.1,TOP,HIGH,true,ALIVE,measured,,50.7,27.6,21.7
2026-09-15 19:10:00+0900,6,1,114.1,MID,NORMAL,false,ALIVE,measured,,85.5,9.9,4.6
2026-09-15 19:15:00+0900,6,2,109.7,MID,NORMAL,false,ALIVE,measured,,79.1,12.1,8.8
2026-09-15 19:20:00+0900,6,1,115.4,TOP,NORMAL,false,ALIVE,measured,,84.5,7.7,7.8
2026-09-15 19:25:00+0900,6,2,106.9,MID,NORMAL,false,ALIVE,measured,,89.9,7.4,2.7
2026-09-15 19:30:00+0900,6,1,120.5,TOP,HIGH,true,ALIVE,measured,,90.0,7.2,2.8
2026-09-15 19:35:00+0900,6,2,99.8,MID,NORMAL,false,ALIVE,measured,,75.4,12.2,12.4
2026-09-15 19:40:00+0900,6,1,102.6,MID,NORMAL,false,ALIVE,measured,,74.1,9.5,16.4
2026-09-15 19:45:00+0900,6,2,121.2,TOP,HIGH,true,ALIVE,measured,,75.4,17.8,6.8
2026-09-15 19:50:00+0900,6,1,113.0,MID,NORMAL,false,ALIVE,measured,,78.5,16.9,4.6
2026-09-15 19:55:00+0900,6,2,112.5,MID,NORMAL,false,ALIVE,measured,,74.8,14.3,10.9
2026-09-15 20:00:00+0900,6,1,95.7,MID,NORMAL,false,ALIVE,measured,,56.4,27.4,16.2
2026-09-15 20:05:00+0900,6,2,105.9,MID,NORMAL,false,ALIVE,measured,,75.0,18.8,6.2
2026-09-15 20:10:00+0900,6,1,116.3,TOP,NORMAL,false,ALIVE,measured,,86.5,8.5,5.0
2026-09-15 20:15:00+0900,6,2,93.9,MID,NORMAL,false,ALIVE,measured,,87.5,8.5,4.0
2026-09-15 20:20:00+0900,6,1,101.4,MID,NORMAL,false,ALIVE,measured,,43.1,32.6,24.3
2026-09-15 20:25:00+0900,6,2,104.8,MID,NORMAL,false,ALIVE,measured,,80.1,13.9,6.0
2026-09-15 20:30:00+0900,6,1,117.5,TOP,NORMAL,false,ALIVE,measured,,83.7,9.9,6.4
2026-09-15 20:35:00+0900,6,2,105.3,MID,NORMAL,false,ALIVE,measured,,81.4,13.5,5.1
2026-09-15 20:40:00+0900,6,1,104.4,MID,NORMAL,false,ALIVE,measured,,83.2,10.4,6.4
2026-09-15 20:45:00+0900,6,2,106.1,MID,NORMAL,false,ALIVE,measured,,72.5,7.8,19.7
2026-09-15 20:50:00+0900,6,1,106.0,MID,NORMAL,false,ALIVE,measured,,87.6,7.9,4.5
2026-09-15 20:55:00+0900,6,2,114.2,MID,NORMAL,false,ALIVE,measured,,90.6,7.3,2.1
2026-09-15 21:00:00+0900,7,1,102.5,MID,NORMAL,false,ALIVE,measured,,80.8,17.2,2.0
2026-09-15 21:05:00+0900,7,2,104.2,MID,NORMAL,false,ALIVE,measured,,77.6,17.0,5.4
2026-09-15 21:10:00+0900,7,1,109.4,MID,NORMAL,false,ALIVE,measured,,63.3,29.1,7.6
2026-09-15 21:15:00+0900,7,2,100.5,MID,NORMAL,false,ALIVE,measured,,49.6,38.0,12.4
2026-09-15 21:20:00+0900,7,1,108.0,MID,NORMAL,false,ALIVE,measured,,88.9,9.0,2.1
2026-09-15 21:25:00+0900,7,2,104.8,MID,NORMAL,false,ALIVE,measured,,77.3,11.3,11.4
2026-09-15 21:30:00+0900,7,1,108.3,MID,NORMAL,false,ALIVE,measured,,91.0,7.0,2.0
